,label,pid2,pages,pid
0,"1881-1882, responses to",term443,312|314,responsesto
1,A Critical and Hermeneutical Introduction to the Pentateuch,term626,165|167|168|169|170|171|172|173|176|178|179,acriticalandhermeneuticalintroductiontothepentateuch
2,"Abarbanel, Isaac ben Judah",term884,3|574,abarbanelisaacbenjudah
3,Abd-al-Rahman III,term290,186,abdalrahmaniii
4,Abolitionism,term503,29|40|821|827,abolitionism
5,"Abraham, Barnet",term15,252,abrahambarnet
6,Abudarham,term407,222,abudarham
7,"Adams, John",term422,128,adamsjohn
8,Adas Israel,term722,71,adasisrael
9,Adler,term100,761,adler
10,"Adler (of Chicago), L.a",term265,285,adlerofchicagola
11,"Adler (of New York), S.",term537,594,adlerofnewyorks
12,"Adler, Abraham",term11,253,adlerabraham
13,"Adler, Cyrus",term915,607|611|638|731,adlercyrus
14,"Adler, Dr. Nathan M. (Chief Rabbi of Great Britain)",term751,45|198|284|432|712,adlerdrnathanmchiefrabbiofgreatbritain
15,"Adler, Felix",term547,413,adlerfelix
16,"Adler, Herman",term365,318|713,adlerherman
17,Adonai,term633,639,adonai
18,"Adret, Solomon ben Abraham",term895,562,adretsolomonbenabraham
19,Agricultural Schools,term387,272,agriculturalschools
20,"Aguilar, Emanuel: The Ancient Melodies of the Spanish and Portuguese Jews",term933,346,aguilaremanueltheancientmelodiesofthespanishandportuguesejews
21,"Alatri, Samuel",term523,428|701,alatrisamuel
22,Alatrini,term461,254|681,alatrini
23,"Albo, Joseph",term766,571,albojoseph
24,Alexandria,term169,317,alexandria
25,"Allen, Anna",term564,291|647,allenanna
26,Alliance IsraA?lite Universelle,term59,105|175|214|223|237|239|254|256|257|258|272|278|284|285|286|304|308|312|335|338|383|384|411|421|434|435|437|452|455|458|461|514|515|516|518|519|520|598|649|662|674|680|682|713|765|783,allianceisraaliteuniverselle
27,Almansi,term293,127|270|782,almansi
28,American Catholic Quarterly Review,term14,163,americancatholicquarterlyreview
29,American Hebrew,term707,301|306|313|333|336|337|349|360|364|380|391|393|439|440|456|458|459|461|462|463|519|520|527|528|529|530|531|532|549|551|568|581|582|588|589|590|601|605|608|621|624|641|642|645|646|664|676|698|700|711|731|744|780|781|784|787|798|799|800|803|804|806|826,americanhebrew
30,American Israelite,term659,129|130|131|132|135|136|138|139|141|380|611,americanisraelite
31,American Jewish Advocate,term68,345,americanjewishadvocate
32,American Jews? Annual,term300,554,americanjewsannual
33,and Cremation,term53,400,andcremation
34,and Dietary Law,term355,369|370|372|408,anddietarylaw
35,and Fasting,term147,408,andfasting
36,and Marriage,term787,431,andmarriage
37,and Modernising,term34,87,andmodernising
38,"and Ritual ""innovation""",term334,96|130|131|132|135|136|139|141|143|273|664|687|700|733|743,andritualinnovation
39,and Ritual Slaughter,term637,45|788,andritualslaughter
40,and social virtue,term561,34,andsocialvirtue
41,and Synagogue Music,term712,62,andsynagoguemusic
42,and the Occult,term926,56,andtheoccult
43,Anglo-Jewish Association,term475,662|713,anglojewishassociation
44,Anglo-Jewry,term214,143|184,anglojewry
45,Anshe Hashem,term752,49,anshehashem
46,Anti-Semitic League,term64,280,antisemiticleague
47,Anti-Semitism,term495,294|303|441,antisemitism
48,Anti-Semitism and its good effect,term716,38,antisemitismanditsgoodeffect
49,Antologica Israelitica (of Corfu),term762,185|322|334|557|604,antologicaisraeliticaofcorfu
50,"Arbib Family (Edoardo, Giacomo & Lelio)",term631,708|710,arbibfamilyedoardogiacomolelio
51,"Architecture, see",term658,17,architecturesee
52,Archives Isra?lites de France,term819,49,archivesisralitesdefrance
53,Archivolti,term429,40,archivolti
54,Argentina,term182,726,argentina
55,"Armhold, W.",term145,259,armholdw
56,"Arnold, Matthew",term953,457,arnoldmatthew
57,"Arthur, Chester A.",term437,586|688|732,arthurchestera
58,"Artom, Isaac",term80,39|213|702,artomisaac
59,Aruch Completum,term388,113|668|779,aruchcompletum
60,As advance troops of Universal Emancipation,term548,31,asadvancetroopsofuniversalemancipation
61,as language of prayer,term35,109|135|136|138|174,aslanguageofprayer
62,"Ascarelli, Deborah",term796,604,ascarellideborah
63,"Ascher, Rev. Simon",term516,103,ascherrevsimon
64,"Ascoli, Graziadio",term826,322|705|706,ascoligraziadio
65,"Ascoli, Raphael",term281,345,ascoliraphael
66,Asmonean,term258,1|3|4|5|6|7|8,asmonean
67,Association Review,term779,181|447,associationreview
68,Astruc,term720,744,astruc
69,Atlanta,term149,28,atlanta
70,"Aufrecht, Mr.",term731,217,aufrechtmr
71,Autobiography,term174,190|191|192|193|194|196|197|199|200|201|203|204,autobiography
72,"Azulai, H. J. D.",term127,655,azulaihjd
73,"Bacon, Francis",term197,199,baconfrancis
74,Balmesi,term827,127,balmesi
75,Bamberger,term691,278,bamberger
76,"Bancroft, George",term807,331,bancroftgeorge
77,Bandiera brothers,term788,26|61,bandierabrothers
78,"Bardsley, John",term390,736,bardsleyjohn
79,"Baroway, S.",term846,805,baroways
80,"Basnage, Jacques",term813,380,basnagejacques
81,"Baum, Esther",term175,623,baumesther
82,"Bayle, Pierre",term939,49,baylepierre
83,"Beaconsfield, Lord",term890,746,beaconsfieldlord
84,"Beer, Bernard",term257,307,beerbernard
85,"Ben Labrat, Dunash",term226,187|188,benlabratdunash
86,"Ben Salomo, Immanuel",term648,228,bensalomoimmanuel
87,"Ben Sangadun, Jacob",term186,340,bensangadunjacob
88,Ben-Jacob,term672,233,benjacob
89,"Benamozegh, Elias (of Leghorn)",term782,105|520|697|701,benamozegheliasofleghorn
90,Bene Yeshurun,term628,181,beneyeshurun
91,"Benedetti, Salvatore de",term466,127|322|553|582|681|727,benedettisalvatorede
92,"Benvenisti, Dr. Nathan",term430,204,benvenistidrnathan
93,"Bergh, Henry",term311,45|636,berghhenry
94,"Berkowitz, Henry",term381,720,berkowitzhenry
95,"Berlin, Isaiah (of Breslau)",term974,192|208,berlinisaiahofbreslau
96,"Berliner, Dr. A.",term772,228|325|520,berlinerdra
97,"Bernstein, A.",term597,259,bernsteina
98,Beth el Emeth,term394,411|413,bethelemeth
99,Beth Ha-Ozar,term579,188,bethhaozar
100,Beth Israel,term950,411|413|772,bethisrael
101,Bicentennial,term231,309|330|430,bicentennial
102,Bikkurei Ha-Ittim,term518,270|801,bikkureihaittim
103,Biography of Mendelsohn,term645,337,biographyofmendelsohn
104,"Bismark, Otto von",term539,175|278|441,bismarkottovon
105,"Bloch & Co., Messrs (Publishers)",term113,295,blochcomessrspublishers
106,"Bloch, S.: La Foi d?Israel",term756,276,blochslafoidisrael
107,"Blumenthal, Dr. Mark",term894,310,blumenthaldrmark
108,"Blumenthal, Joseph",term878,749|780|781|820|827,blumenthaljoseph
109,Bnai Brith,term307,164,bnaibrith
110,"Board of Deputies, British",term77,257,boardofdeputiesbritish
111,"Board of Education, Philadelphia",term4,133,boardofeducationphiladelphia
112,"Board of Hebrew Ministers, Philadelphia",term152,133|418,boardofhebrewministersphiladelphia
113,"Bohne, Johanna von",term215,685,bohnejohannavon
114,"Bomeisler, L.",term230,291,bomeislerl
115,"Bonaparte, Napoleon",term984,61|190|342,bonapartenapoleon
116,"Bonfili, Baron Treves de",term698,590,bonfilibarontrevesde
117,Boston,term223,74|75|580,boston
118,Boston Evening Traveller,term481,580|592,bostoneveningtraveller
119,"Boston Index, The",term194,202,bostonindexthe
120,Boulogne,term546,103,boulogne
121,"Breidenbach, Rev. J.",term118,17,breidenbachrevj
122,"Brewster, Benjamin Harris",term318,629,brewsterbenjaminharris
123,"Briggs, Charles A.",term977,593,briggscharlesa
124,Brill,term530,271,brill
125,"Brooks, Bishop Phillips",term921,764,brooksbishopphillips
126,"Bruno, Giordano",term191,707,brunogiordano
127,"Buber, Salomon (of Lemberg)",term966,583,bubersalomonoflemberg
128,"Buchanan, James",term279,280,buchananjames
129,"Burlingame, Mr.",term592,732,burlingamemr
130,"Busch, Isidore",term847,190|201,buschisidore
131,Cafarel-Wilson,term531,640,cafarelwilson
132,Camondo,term852,214|254,camondo
133,Cantarini Family,term244,235|804,cantarinifamily
134,"Cantoni, Lelio",term272,782,cantonilelio
135,Capital punishment,term487,30|55|535,capitalpunishment
136,"Carey, Henry C.",term151,251,careyhenryc
137,Carmel Colony,term612,691|757,carmelcolony
138,"Caro, Victor",term734,549|733,carovictor
139,"Carvalho, Emanuel Nunes",term9,340,carvalhoemanuelnunes
140,"Cassell, David",term263,652,casselldavid
141,"Castel-Bolognesi, Angelo",term117,265,castelbolognesiangelo
142,"Castelar, Emilio",term961,108,castelaremilio
143,"Castellar: Castelli, David",term573,111|347|697,castellarcastellidavid
144,"Castiglioni, Victor",term605,738|782,castiglionivictor
145,Castner,term829,92,castner
146,Castner Old Rome and New Italy,term431,296,castneroldromeandnewitaly
147,"Cavalieri, E.: Cavour, C.",term240,39|702,cavalieriecavourc
148,Centennial [1876],term646,144|145,centennial
149,Centennial City,term368,162,centennialcity
150,Chalizah,term842,18,chalizah
151,"Chalmers, Dr.",term141,21,chalmersdr
152,"Chalmers, Dr. Mamzer, law of the",term28,19|20|21,chalmersdrmamzerlawofthe
153,Channing,term877,380,channing
154,Character of,term136,134|376|380,characterof
155,Characters and Manners,term243,196,charactersandmanners
156,Charity,term651,8|35|304,charity
157,Charles III (King of Spain),term178,267,charlesiiikingofspain
158,Cherry Street,term521,291,cherrystreet
159,"Cheyne, T. K.",term642,593,cheynetk
160,Chiarini,term137,163|643|777|778,chiarini
161,"Chicago (""The White City"")",term888,739,chicagothewhitecity
162,"Childs, George W.",term657,643|777|778,childsgeorgew
163,Chinese Exclusion Act,term458,231|555|732|768|817|818,chineseexclusionact
164,Chizzuk Emunah,term621,105,chizzukemunah
165,"Chorin, Aaron",term703,36|62,chorinaaron
166,Chrestomathy,term51,211,chrestomathy
167,Christian evangelism,term476,37|38|59,christianevangelism
168,"Chumaceiro, J.",term111,549,chumaceiroj
169,"Cincinnati (""Queen City"")",term800,217|277,cincinnatiqueencity
170,Cincinnati College,term528,157,cincinnaticollege
171,City of Brotherly Love,term8,818,cityofbrotherlylove
172,City of Fidelity,term177,7,cityoffidelity
173,City of Homes,term297,309,cityofhomes
174,City of Love,term816,7,cityoflove
175,City of Righteousness,term638,7,cityofrighteousness
176,Civic patriotism,term1009,794,civicpatriotism
177,Civil War,term386,22|23|24|25|26|28,civilwar
178,"Cleveland, Grover",term676,735,clevelandgrover
179,Cloakmakers Strike,term164,718,cloakmakersstrike
180,Cloakmakers Union,term603,718,cloakmakersunion
181,"Cobden, William",term354,61,cobdenwilliam
182,Cochebe Yizchak,term103,783,cochebeyizchak
183,"Cogalniceano, Minister",term396,262,cogalniceanominister
184,"Cohen, Abraham Hyman",term20,340,cohenabrahamhyman
185,"Cohen, Arthur",term584,752,cohenarthur
186,"Cohen, Emanuel (of Scranton)",term577,487|489,cohenemanuelofscranton
187,"Cohen, Hartwig",term508,340,cohenhartwig
188,"Cohen, Henry",term483,425|797,cohenhenry
189,"Cohen, Jacob Raphael",term845,340,cohenjacobraphael
190,Cohens,term928,340,cohens
191,"Cohn, Albert",term301,186|226|239|239|270|287|288|520|701,cohnalbert
192,"Colenso, John William",term901,529|725,colensojohnwilliam
193,"Condillac, Etienne Bonnot de",term802,193,condillacetiennebonnotde
194,"Confederacy, The",term432,29,confederacythe
195,Conference of Rabbis for Jewish Reform,term404,402|403,conferenceofrabbisforjewishreform
196,Congress of Berlin,term502,219,congressofberlin
197,"Congress of Orientalists, Florence",term689,322,congressoforientalistsflorence
198,Constitution,term891,402,constitution
199,"Constitution, American",term717,7|47|58,constitutionamerican
200,"Constitution, American: Christianizing",term669,47|58,constitutionamericanchristianizing
201,Cooper Union,term371,638,cooperunion
202,Copperheads,term176,28,copperheads
203,Corbin,term112,238,corbin
204,Corri?re di Roma,term217,606,corrirediroma
205,Corri?re Israelitico (of Trieste),term314,233|602|682|683|708,corrireisraeliticooftrieste
206,Cortes,term815,262,cortes
207,"Coucy, Moses of: Semag (Sefer Mitzvot Gadol)",term79,360,coucymosesofsemagsefermitzvotgadol
208,"Craig, James A.",term399,607,craigjamesa
209,"Crane, Oliver Turnball",term237,607,craneoliverturnball
210,Creating a unified American Rite,term790,32|34|36|130|139|387|572|608|698|769,creatingaunifiedamericanrite
211,Credit-Mobilier,term96,640,creditmobilier
212,Creeds and Opinions,term726,9,creedsandopinions
213,Cremation,term661,110|264,cremation
214,"Cremieux, Isaac Adolphe",term491,214|254|257|258|260|262|411|520|674|752,cremieuxisaacadolphe
215,"Crescas, Hasdai",term220,571,crescashasdai
216,Criminality in,term37,742|745|794,criminalityin
217,"Crispi, Francesco",term524,640,crispifrancesco
218,Crown Street,term806,17,crownstreet
219,Cuba,term861,108,cuba
220,"D?Aboddie, M.",term903,186,daboddiem
221,"D?Harcourt, Duke",term43,61,dharcourtduke
222,"Daly, Charles P.",term682,351,dalycharlesp
223,Dante Alighieri,term545,26,dantealighieri
224,"Davids, Arthur Lumley",term86,181|184,davidsarthurlumley
225,Day of Atonement (painting),term1030,280,dayofatonementpainting
226,Deborah,term865,372|460,deborah
227,"Delitzch, Franz",term414,39,delitzchfranz
228,"Dembo, J. A.",term198,789,demboja
229,"Derenburg, Joseph",term759,177|437|607,derenburgjoseph
230,"Deutsch, Dr.",term905,310,deutschdr
231,"Deutsch, Emanuel",term27,163,deutschemanuel
232,"Die j?dischen Frauen in der Geschichte, Literatur und Kunst",term146,657,diejdischenfrauenindergeschichteliteraturundkunst
233,"Disasters, natural & man-made",term425,2|31|42|44|61|74|75|358|406|457|513|622,disastersnaturalmanmade
234,Discourse on the Resurrection of the Dead,term820,11|12|13|14|15|241,discourseontheresurrectionofthedead
235,Divrei Shir,term843,268,divreishir
236,Domestic,term324,8|443|446,domestic
237,"Donnolo, Sabbatei",term309,111,donnolosabbatei
238,"Donolo, I.",term972,111|190,donoloi
239,"Drachman, Dr. Bernhard",term54,601|638|664|749|820|827,drachmandrbernhard
240,"Drexel, A. J.",term602,313,drexelaj
241,"Dropsie, Moses A.",term352,435,dropsiemosesa
242,Dukes family,term941,36|204,dukesfamily
243,"Edelman, S. R.",term21,652,edelmansr
244,"Eger, Akiba",term484,447,egerakiba
245,"Ehrenreich, Moses Leve (of Rome)",term499,583|590|641,ehrenreichmosesleveofrome
246,"Eichholz, Adolph",term674,670,eichholzadolph
247,"Einhorn, Dr.",term854,621,einhorndr
248,"Eisenmenger, J. A.",term1032,163,eisenmengerja
249,Elias of Vilna [Elijah / Vilna Gaon],term82,447,eliasofvilnaelijahvilnagaon
250,"Eliot, George: Daniel Deronda",term1022,198,eliotgeorgedanielderonda
251,Elizabethgrad,term608,304,elizabethgrad
252,"Elkin, Dr. M.",term1,71|90|259|418,elkindrm
253,Emanuel,term595,190,emanuel
254,Emanuel Preparatory School,term571,761,emanuelpreparatoryschool
255,Emanuel Theological Seminary,term135,761,emanueltheologicalseminary
256,Emek Achor,term366,783,emekachor
257,Emigrant Aid Society of New York,term914,320,emigrantaidsocietyofnewyork
258,Emunath Israel-Oheb Shalom,term942,763,emunathisraelohebshalom
259,Encyclopedia,term811,50|53|54|540|711,encyclopedia
260,Endelmann family,term442,36,endelmannfamily
261,English antagonism,term663,7,englishantagonism
262,Entente cordiale,term56,61,ententecordiale
263,Episcopal Clerical Brotherhood,term409,752,episcopalclericalbrotherhood
264,"Eppinger, W.",term276,217,eppingerw
265,"Epstein, Dr.",term327,217|652,epsteindr
266,Equestrian statues,term902,643,equestrianstatues
267,Erekh Millin,term67,801,erekhmillin
268,Essay on the Civil Disabilities of the Jews in England,term183,353,essayonthecivildisabilitiesofthejewsinengland
269,"Etheridge, J. W.: Pentateuchal Targumim",term670,208,etheridgejwpentateuchaltargumim
270,"Etting, Ruben",term893,17,ettingruben
271,"Euchel, Isaac: Life of Mendelssohn",term438,196,euchelisaaclifeofmendelssohn
272,"Evening Call, The",term380,367,eveningcallthe
273,Everett,term879,29,everett
274,"Ewald, H.",term148,39|194|313,ewaldh
275,"Ezekial, Moses",term909,164|166|606|755,ezekialmoses
276,Falashas,term454,186|421|479|480|481|482|483|484|485,falashas
277,"Faustmann, Bernhardt H.",term205,308,faustmannbernhardth
278,"Feinberg, Isaac",term85,829,feinbergisaac
279,"Felsenthal, Bernhard (Rabbi)",term1002,607|805,felsenthalbernhardrabbi
280,Female Beneficial Society,term647,249,femalebeneficialsociety
281,Female Benevolent Association,term110,291,femalebenevolentassociation
282,Female Hebrew Benevolent Society,term40,410|647|653,femalehebrewbenevolentsociety
283,Ferarra,term640,328,ferarra
284,"Filipowsky, Herschell",term159,188,filipowskyherschell
285,"Finzi, Mrs. Judith",term541,536,finzimrsjudith
286,"Fiorentino, Abram & Samuel",term295,681,fiorentinoabramsamuel
287,"Fleischman, Rev. S. M.",term356,829,fleischmanrevsm
288,"Florance, Hannah",term769,291,florancehannah
289,Foltischeni (Moldavia),term804,262,foltischenimoldavia
290,"Fontana, Ferdinando",term742,710,fontanaferdinando
291,"Formiggini, Saul",term946,191|194|203|204|782,formigginisaul
292,Fornakari:,term213,316,fornakari
293,Fould,term598,262|708|752,fould
294,"Fox, Daniel M.",term840,71,foxdanielm
295,"Fox, George",term596,309,foxgeorge
296,"France, Central Consistory of",term401,273,francecentralconsistoryof
297,"Franchetti, Alberto",term268,709|710,franchettialberto
298,"Franchetti, Augusto",term611,709,franchettiaugusto
299,"Franchetti, Guiseppe",term830,709,franchettiguiseppe
300,"Franchetti, Odoardo",term55,709,franchettiodoardo
301,"Francis I, King",term398,204,francisiking
302,"Francis Joseph, Emperor of Austro-Hungary",term697,355,francisjosephemperorofaustrohungary
303,Franck,term316,262,franck
304,Franco-Prussian War,term167,57|61,francoprussianwar
305,"Frankel, I.",term157,549,frankeli
306,"Frankel, Jacob",term935,259|589,frankeljacob
307,"Frankel, Lee K.",term836,797,frankelleek
308,"Frankel, Zecheriah",term871,226|233|283,frankelzecheriah
309,"Frankl, Ludwig A.",term274,783,franklludwiga
310,"Franklin, Benjamin",term650,142,franklinbenjamin
311,"Franks, Levi",term72,17,frankslevi
312,"Franz Ferdinand, Archduke",term1026,190,franzferdinandarchduke
313,Fraud charge,term417,38,fraudcharge
314,"Frazer, Prof.",term179,400,frazerprof
315,Frederic the Great,term170,10,fredericthegreat
316,"Frederic, Harold",term912,736,fredericharold
317,Frederick III of Prussia,term344,637,frederickiiiofprussia
318,"Freeman, E. A.",term473,182,freemanea
319,"Friedenwald, A.",term1005,85,friedenwalda
320,"Friedman, Emil",term379,793|803,friedmanemil
321,Fuel Society,term617,249,fuelsociety
322,Galicia,term565,49,galicia
323,"Gans, Daniel",term7,8,gansdaniel
324,"Gans, Solomon",term786,829,ganssolomon
325,"Garfield, James Abram",term456,293|297|298|426|427,garfieldjamesabram
326,"Garibaldi, Guiseppe",term534,57,garibaldiguiseppe
327,Gazzetta de Montova,term783,708,gazzettademontova
328,"Geiger, Abraham",term63,226|285,geigerabraham
329,"Gellat, Roland B.",term349,720,gellatrolandb
330,"George, Henry",term513,651,georgehenry
331,Gersonides,term586,564,gersonides
332,"Gesenius, H.",term685,40|194|280|374,geseniush
333,Gessner,term724,270,gessner
334,"Ghirondi, Marco S.",term298,782,ghirondimarcos
335,"Gibbon, Edward",term317,380,gibbonedward
336,"Ginzburg, Raphael W.",term373,192,ginzburgraphaelw
337,Gironti (of Brescia),term978,192,girontiofbrescia
338,"Gladstone, William",term470,742,gladstonewilliam
339,"Goldammer, Dr.",term519,217|241,goldammerdr
340,Goldschmidt,term923,604,goldschmidt
341,"Goldschmidt, S. H.",term283,437,goldschmidtsh
342,"Goldsmid, Franics",term125,713,goldsmidfranics
343,"Goldsmid, Julian",term620,713,goldsmidjulian
344,"Gottheil, [Gustav] Dr.",term944,264|717,gottheilgustavdr
345,"Gottheil, Richard",term538,593|607,gottheilrichard
346,"Graeber, Eisig (of Przemysl)",term771,319|323|453|570|583|604,graebereisigofprzemysl
347,"Graetz, Dr. Heinrich",term1013,118|279|288|359|504|520|652|697,graetzdrheinrich
348,"Grant, Ulysses S.",term131,406|543,grantulyssess
349,Gratz College,term328,792,gratzcollege
350,Gratz family,term869,340,gratzfamily
351,"Gratz, Michael",term932,17,gratzmichael
352,"Gratz, Rebecca",term260,17|291|292|416,gratzrebecca
353,"Gratz, Simeon",term841,17|140,gratzsimeon
354,"Greely, Horace",term837,89,greelyhorace
355,"Green, Rev. A. L.",term460,103,greenreval
356,"Griggs, Governor",term517,797,griggsgovernor
357,"Guedalia, Moses",term590,630,guedaliamoses
358,"Guedalla, Hayim",term683,451,guedallahayim
359,"Guenee, Abbott",term936,458,gueneeabbott
360,"Guinsburg, Theodore",term232,781,guinsburgtheodore
361,"Guttman, Dr. A. (of Syracuse)",term568,594,guttmandraofsyracuse
362,Ha-Kerem,term753,652,hakerem
363,Ha-Maggid,term31,48|94|294|598|677,hamaggid
364,Ha-Melitz,term310,652,hamelitz
365,Ha-Oheb,term200,334,haoheb
366,"Hahn, Dr. Aaron (of Cleveland)",term70,264|279,hahndraaronofcleveland
367,Halberstam (of Bielitz),term1001,583,halberstamofbielitz
368,Halevy,term951,262,halevy
369,Hallevi,term83,39,hallevi
370,"Hallevi, Joseph",term239,422,hallevijoseph
371,HaMadrich Al Bamothe Yam Ha-Talmud,term828,352,hamadrichalbamotheyamhatalmud
372,Hamburg,term600,62,hamburg
373,Hanuccah,term490,99|255|277|308|648,hanuccah
374,"Harkavy, Albert",term259,447,harkavyalbert
375,"Harper, Robert F.",term275,593|607,harperrobertf
376,"Harper, William R.",term1036,593,harperwilliamr
377,"Harrison, [Benjamin]",term764,735|762,harrisonbenjamin
378,"Harrison, Carter H.",term785,739,harrisoncarterh
379,"Hart, Abraham",term88,537,hartabraham
380,"Hart, Abram L.",term833,249,hartabraml
381,"Hart, Bluma",term467,512,hartbluma
382,"Hart, Louisa B.",term862,291|508,hartlouisab
383,"Hart, Mrs.",term89,410,hartmrs
384,"Hart, Rebecca C.",term434,291|510,hartrebeccac
385,"Hart, Sara H.",term665,27,hartsarah
386,"Hartenstein, Daniel",term219,447,hartensteindaniel
387,"Hartog, Numa Edward",term185,184,hartognumaedward
388,"Hartogensis, B. H.",term634,750,hartogensisbh
389,"Hassler, Mark",term821,17,hasslermark
390,Hebrew,term1014,109|694|695|696|743,hebrew
391,Hebrew Bible,term655,784,hebrewbible
392,Hebrew Calendar,term292,63,hebrewcalendar
393,Hebrew catechism,term134,756,hebrewcatechism
394,Hebrew Charitable Fund,term251,496,hebrewcharitablefund
395,Hebrew Education Society School,term224,77|90|109|157|466|729,hebreweducationsocietyschool
396,Hebrew Emigrant Society,term624,324,hebrewemigrantsociety
397,Hebrew Literary Association,term746,560|562|564|571,hebrewliteraryassociation
398,Hebrew Literary Society,term66,522|523|526|670|675|695,hebrewliterarysociety
399,Hebrew Ministers of Philadelphia,term428,549,hebrewministersofphiladelphia
400,Hebrew Relief Association,term711,35,hebrewreliefassociation
401,"Hebrew Review, The",term50,181|277|281|282|283|285,hebrewreviewthe
402,Hebrew Sunday School of Philadelphia,term412,471|474|501|654|723|750,hebrewsundayschoolofphiladelphia
403,Hebrew Union College (Cincinnati),term441,216|349,hebrewunioncollegecincinnati
404,"Heilprin, Heilprin",term26,634|681,heilprinheilprin
405,"Hendricks, Thomas A.",term554,552,hendricksthomasa
406,"Henry, Michael",term601,184,henrymichael
407,"Henry, Mr.",term5,425,henrymr
408,"Herder, J. G.",term1017,339,herderjg
409,Herodotus,term881,375,herodotus
410,"Hertz, Joseph H.",term740,736|780|781|787|788|793|803|820,hertzjosephh
411,"Herz, Joseph (see Hertz, Joseph H.):",term613,736|780|781|787|788|793|803|820,herzjosephseehertzjosephh
412,Herzfeld,term166,288,herzfeld
413,"Hess, Mr.",term439,217,hessmr
414,Higher biblical criticism,term39,3|4|16|17|725|730|734|744,higherbiblicalcriticism
415,"Hirsch, D. Gordon",term510,677,hirschdgordon
416,"Hirsch, M. C.",term71,455,hirschmc
417,"Hirsch, Moses de",term880,214|237|520|634|676|677|678|679|680|681|682|716|717|723,hirschmosesde
418,"Hirsch, Samuel",term803,52|71|237|342|344|372|525,hirschsamuel
419,Historical Memoirs of the Hebrew Community of Ferrara,term911,265,historicalmemoirsofthehebrewcommunityofferrara
420,History of the Hebrew Second Commonwealth,term321,474,historyofthehebrewsecondcommonwealth
421,History of the Jewish Nation,term241,3|40,historyofthejewishnation
422,History of the Jews,term350,781,historyofthejews
423,History of the Jews of England in the Eleventh and Twelfth Centuries,term99,602,historyofthejewsofenglandintheeleventhandtwelfthcenturies
424,Hitzig,term46,313,hitzig
425,Hoeel Moshe,term763,311|604,hoeelmoshe
426,"Hoffman, Charles",term264,675,hoffmancharles
427,"Hoffman, David",term851,675,hoffmandavid
428,"Hoffman, Senator",term3,797,hoffmansenator
429,"Holdheim, I.",term280,9,holdheimi
430,Home for Aged and Infirm Israelites,term643,686,homeforagedandinfirmisraelites
431,"Hoyt, Mr.",term556,423,hoytmr
432,"Huebsch, Dr.",term270,264|761,huebschdr
433,Humbert IV,term342,457,humbertiv
434,"Humboldt, Alexander von",term436,579,humboldtalexandervon
435,"Hunt, Isaac",term448,829,huntisaac
436,"Hurt, Abraham",term104,208,hurtabraham
437,"Hyneman, Samuel",term831,829,hynemansamuel
438,"Ibn Ezra, Abraham",term16,3|5|6|40|663,ibnezraabraham
439,"Ibn Ganach, Jonah",term364,40|683,ibnganachjonah
440,"Ibn Saruq, Menachem ben Jacob",term744,187|188,ibnsaruqmenachembenjacob
441,"Ibn Shaprut, Hisdai",term749,186|188,ibnshapruthisdai
442,"Ibn Tibbon, Samuel",term488,526,ibntibbonsamuel
443,Igel of Lemberg,term718,640,igeloflemberg
444,"Ignatieff, Count Nikolai Pavlovich",term389,321,ignatieffcountnikolaipavlovich
445,"Illowizi, Henry",term130,733|753|829,illowizihenry
446,Illustrazione Italiane,term728,705,illustrazioneitaliane
447,Immanuel of Rome,term758,114|115|116|117|118|119|120|121,immanuelofrome
448,Immigration,term91,142,immigration
449,Index raison?e des livres de correspondance du feu SD Luzzatto,term374,225|226|229|234|453,indexraisonedeslivresdecorrespondancedufeusdluzzatto
450,Industrial Education,term303,333,industrialeducation
451,Industrial School,term38,263|736,industrialschool
452,Ingersoll,term536,490,ingersoll
453,"Inspiring Hope, The",term126,146|147|149|151|152|153|154|156|158|159|160|161,inspiringhopethe
454,"Isaacs, Dr. A. S",term566,442,isaacsdras
455,"Isaacs, Henry Aaron",term625,713,isaacshenryaaron
456,"Isaacs, S. Meyer Rev",term963,17|215|304|310|442,isaacssmeyerrev
457,"Isidor, Rabbi L.",term180,273|437,isidorrabbil
458,"Israelite, The",term701,40,israelitethe
459,Israelitish Review,term30,65,israelitishreview
460,Italian,term62,111|112|113|114|115|116|117|118|119|120|121|122|123|124|125|126|127,italian
461,Italian artisans,term184,148,italianartisans
462,Italian Jewish Liturgy,term343,581|755,italianjewishliturgy
463,Italian Jewry,term695,579,italianjewry
464,Italy,term913,26|42|61,italy
465,Jacobs,term341,418,jacobs
466,"Jacobs, George (Rev.)",term108,71|90|259|395|396,jacobsgeorgerev
467,"Jacobs, Henry S.",term333,90|667|820|827,jacobshenrys
468,Jahweh,term32,639,jahweh
469,"Jastrow, Marcus",term937,502|589,jastrowmarcus
470,"Jastrow, Morris",term960,71|90,jastrowmorris
471,"Jefferson, Thomas",term1016,142,jeffersonthomas
472,"Jeitelles, Judah",term337,48|208,jeitellesjudah
473,"Jellinek, Dr. Adolph",term361,49|600|801,jellinekdradolph
474,Jerusalem,term278,9|107|381|663,jerusalem
475,"Jessel, George",term464,341|752,jesselgeorge
476,Jesus Christ et sa Doctrine,term372,105,jesuschristetsadoctrine
477,"Jewish Chronicle, The (London)",term952,103|184|252|617,jewishchroniclethelondon
478,Jewish Exponent (Philadelphia),term445,593|594|595|596|597|598|599|600|602|603|604|606|607|615|616|617|623|626|627|628|629|630|631|632|633|634|635|636|638|639|640|644|647|648|649|650|651|652|654|655|657|658|659|660|661|662|663|666|667|668|669|670|671|672|673|674|675|680|682|683|684|685|687|688|689|690|691|692|699|712|713|714|717|722|723|724|725|726|727|728|729|750|754|768|770|779|785|786|788|789|790|795|809|810|811|815|829,jewishexponentphiladelphia
479,"Jewish Foster Home and Orphan Asylum, Philadelphia",term161,8|263|291|333|426|467|640|653,jewishfosterhomeandorphanasylumphiladelphia
480,"Jewish Foster Home Society, Philadelphia",term704,8|263|497|498|499,jewishfosterhomesocietyphiladelphia
481,"Jewish Hospital and Home of the Aged, Philadelphia",term323,106|500,jewishhospitalandhomeoftheagedphiladelphia
482,Jewish Hospital of Cincinnati,term809,63|64|65|66|67|68|69|70|71|72|73|74|75|76|77|78|79|80|81|82|83|84|85|86|87|88|89|90|91|92|93|94|95|96|97|98|99|100|101|102|103|104,jewishhospitalofcincinnati
483,"Jewish Index, The",term973,63|64|65|66|67|68|69|70|71|72|73|74|75|76|77|78|79|80|81|82|83|84|85|86|87|88|89|90|91|92|93|94|95|96|97|98|99|100|101|102|103|104,jewishindexthe
484,Jewish Messenger,term622,11|12|13|14|15|16|17|18|19|20|21|22|23|25|27|32|33|34|35|36|38|40|41|46|48|49|50|52|53|54|60|62|107|108|109|111|112|113|114|115|116|117|118|119|120|121|122|123|124|125|126|127|128|135|136|138|139|141|215|218|221|222|224|310|540|541|542|737|782|783|812|822|825,jewishmessenger
485,Jewish Ministers Association,term1011,520|594,jewishministersassociation
486,"Jewish Orphan Asylum at Cleveland, Ohio",term582,659,jewishorphanasylumatclevelandohio
487,"Jewish Press, The",term710,218,jewishpressthe
488,"Jewish Record, The",term967,131|132|133|134|135|136|138|139|141|143|144|146|147|148|149|150|151|152|153|154|155|156|157|158|159|160|161|162|163|165|166|167|168|169|170|171|172|173|174|176|177|178|179|182|185|186|187|188|190|191|192,jewishrecordthe
489,Jewish Theological Seminary,term203,563|566|567|568|569|572|575|578|588|604|605|608|638|641|664|669|714|715|723|730|731|737|743|744|749|751|758|760|761|780|781|793|803|822|825|829,jewishtheologicalseminary
490,Jewish Women,term1034,81|292|601|604,jewishwomen
491,Jews move west in,term693,17,jewsmovewestin
492,"Johnson, Andrew",term636,30,johnsonandrew
493,"Jonah, Solomon",term910,138,jonahsolomon
494,"Jones, Alfred",term535,455|776,jonesalfred
495,"Jones, Horatio Gates",term119,144|166,joneshoratiogates
496,"Jones, Jessica",term457,771,jonesjessica
497,"Joseph II, H. R. E.",term873,10,josephiihre
498,"Josephson, J.",term610,805,josephsonj
499,"Jost, Isaac M.",term158,194|285|288,jostisaacm
500,Judaism and Christianity: Their Agreements and Disagreements,term204,356,judaismandchristianitytheiragreementsanddisagreements
501,Judaism in Sicily,term216,267,judaisminsicily
502,Juedische Zeitschrift,term962,206,juedischezeitschrift
503,Julianna Street,term315,17,juliannastreet
504,"Kaas, Catherine",term189,631,kaascatherine
505,"Kalir, Eleazar",term346,112,kalireleazar
506,"Kalisch, Dr. Isidor",term29,18|307,kalischdrisidor
507,"Kaufmann, David",term48,230|233|234|235|652,kaufmanndavid
508,"Kaufmann, Jacob",term42,308,kaufmannjacob
509,"Kayserling, Dr. M.",term234,45,kayserlingdrm
510,"Keiley, Ambassador",term496,558,keileyambassador
511,Keneseth Israel,term246,310|373|467,kenesethisrael
512,Kerem Chemed,term794,801,keremchemed
513,"Keys, Abraham Israel",term784,340,keysabrahamisrael
514,"Keyser, Charles S.",term983,166,keysercharless
515,Keystone State,term320,23|108,keystonestate
516,Kiev,term447,303,kiev
517,"Kimchi, David",term291,523|524,kimchidavid
518,Kinor Nangim,term44,270,kinornangim
519,Kircheim,term738,204,kircheim
520,"Kirkovitch, Abraham",term210,176|204,kirkovitchabraham
521,"Klein, Moses",term723,805,kleinmoses
522,Knownothingism,term587,7,knownothingism
523,Kochebe Yitzhac,term532,194,kochebeyitzhac
524,"Kohler, Kaufmann",term900,281|282|283|285|352|372|527|528|529|530|531|532|621|761,kohlerkaufmann
525,"Kohut, Dr. Alexander",term512,113|594|601|668|749|779|781|820|827,kohutdralexander
526,"Kossuth, Louis",term288,634,kossuthlouis
527,Krause,term465,763,krause
528,"Krochmal, N.",term639,229,krochmaln
529,"Kuenen, Abraham",term667,313|529|621,kuenenabraham
530,"Kutner, Rabbi",term588,217,kutnerrabbi
531,L?Univers Isra?lite,term1024,294|334,luniversisralite
532,L.L.D. conferred,term604,608|609|610|611|612|614|615|616|617|618|620,lldconferred
533,La Nazione,term687,707,lanazione
534,"Labour, condition of",term250,7|145,labourconditionof
535,"Labrat, Dounash ben",term420,187|188,labratdounashben
536,"Lafayette, General de",term904,57|262,lafayettegeneralde
537,"Lambroso, G.",term479,565,lambrosog
538,"Lampronti, Isaac",term576,127|265|268|347,lamprontiisaac
539,Land Tenure,term249,608,landtenure
540,"Landsberg, Dr. Max (of Rochester, N. Y.)",term780,295|594,landsbergdrmaxofrochesterny
541,"Lapuya, Isaac Lopez",term61,598,lapuyaisaaclopez
542,"Lara, Countess",term285,606,laracountess
543,"Lasinio, Fausto",term529,235,lasiniofausto
544,"Lasker, E.",term654,278,laskere
545,"Lasker, Edward",term889,371|441,laskeredward
546,"Lasker, Rev. (of Boston)",term1010,594,laskerrevofboston
547,"Lattes, E. Aaron (Chief Rabbi of Venice)",term377,204,latteseaaronchiefrabbiofvenice
548,"Lattes, Joseph Rabbi (of Reggio Emilia)",term671,250,lattesjosephrabbiofreggioemilia
549,"Lattes, Moses",term575,357,lattesmoses
550,"Lavater, Johan Casper",term696,39,lavaterjohancasper
551,"Lazarus, Emma",term435,335|645|646|664,lazarusemma
552,"Lazarus, Henry",term375,249,lazarushenry
553,Le France Juive,term378,685,lefrancejuive
554,Lebanon,term199,268,lebanon
555,"Lebensohn, A. D.",term949,447,lebensohnad
556,"Lebrecht, F.",term945,229,lebrechtf
557,"Lederer, Ephraim",term644,675,ledererephraim
558,"Leeser, Rev I.",term511,17|35|43|77|212|310|340|345|608|700,leeserrevi
559,Leghorn,term922,17|347|565,leghorn
560,"Leghorn, Chief Rabbi of",term489,62|346,leghornchiefrabbiof
561,"Lehmann, L.",term468,437,lehmannl
562,"Leipziger, Henry M.",term497,797,leipzigerhenrym
563,"Leir, Benedict (Chief Rabbi of Ferrara)",term817,268,leirbenedictchiefrabbiofferrara
564,Lemberg,term2,49,lemberg
565,Leo XIII,term384,665,leoxiii
566,"Leone, Salomon",term808,665,leonesalomon
567,Leroy-Beaulieu,term235,736,leroybeaulieu
568,Lessing,term123,270|339,lessing
569,Lessons in Moral Theology,term58,65|68|70|73|78|83|86|91|95|98|101,lessonsinmoraltheology
570,"Letteris, Mayer M.",term78,46|48|447,letterismayerm
571,"Leven, N.",term515,437,levenn
572,"Levi, Benedict (Chief Rabbi of Ferrar)",term552,265|292|357,levibenedictchiefrabbiofferrar
573,"Levi, David (of Turin)",term715,103|706|707,levidavidofturin
574,"Levi, G. E. (of Corfu)",term509,604,levigeofcorfu
575,"Levy, J. Leonard",term227,805,levyjleonard
576,"Levy, Nathan",term853,341,levynathan
577,"Levy, Rabbi (of Trieste)",term719,196,levyrabbioftrieste
578,Liberty Bell,term221,739,libertybell
579,"Lilienthal, Dr. M.",term22,217|225|277|413,lilienthaldrm
580,"Lincoln, Abraham",term938,22|24|29|254|816|830,lincolnabraham
581,Lippincott?s Magazine,term940,163,lippincottsmagazine
582,Liquor dens,term591,517,liquordens
583,Literary associations,term102,1,literaryassociations
584,Liturgy,term41,224,liturgy
585,"Locke, John",term856,193,lockejohn
586,"Loeb, Isidore M.",term451,437|597|598,loebisidorem
587,"Loeb, Matilde Adler",term551,253,loebmatildeadler
588,"Loeb, Moritz",term917,730|773,loebmoritz
589,Loewe,term336,257,loewe
590,"Loewenberg, Cantor W.",term776,217,loewenbergcantorw
591,"Lolli, Ehud",term773,191|196,lolliehud
592,"Lolli, Judah",term812,200,lollijudah
593,"Lolli, S. V.",term36,196|200|782,lollisv
594,London Jewish Press,term329,713,londonjewishpress
595,London Times,term376,688,londontimes
596,London?s Jewish Lord Mayor,term238,713,londonsjewishlordmayor
597,"Loria, Amos (of Mantua)",term927,357,loriaamosofmantua
598,Louisa B. Hart Sewing School,term202,433,louisabhartsewingschool
599,"Lowell, James Russell",term319,457,lowelljamesrussell
600,"Luzzatti, Luigi",term868,708,luzzattiluigi
601,Luzzatto family,term188,127|783,luzzattofamily
602,"Luzzatto, Dr. Isaiah",term357,190|191|192|199|200|201|225|233,luzzattodrisaiah
603,"Luzzatto, Hezekiah",term678,190,luzzattohezekiah
604,"Luzzatto, Joseph",term832,212,luzzattojoseph
605,"Luzzatto, Moses Hayyim",term898,346,luzzattomoseshayyim
606,"Luzzatto, Philoxene",term370,185|186|191|194|203|204|206|782,luzzattophiloxene
607,"Luzzatto, S.D. Prof.",term449,3|10|16|40|43|46|48|105|177|186|187|191|226|229|233|234|235|270|310|311|319|323|336|345|374|453|472|473|480|581|590|603|641|705,luzzattosdprof
608,"Macaulay, Thomas B.",term144,175|309|330|746,macaulaythomasb
609,"Madison, James",term446,17|746,madisonjames
610,Maimonides College,term60,40|157,maimonidescollege
611,"Maimonides, Moses",term267,33|222|244|266|270|475,maimonidesmoses
612,"Mainster, Abram (of Robigo)",term883,199|357,mainsterabramofrobigo
613,"Maisner, Moses",term1040,820|827,maisnermoses
614,"Malvano, Alessandro",term557,703,malvanoalessandro
615,"Manin, Daniel",term1019,738,manindaniel
616,"Mapu, Abraham",term1038,447,mapuabraham
617,"Maraches, The",term870,340,marachesthe
618,"Marcus, Alfred A.",term848,630,marcusalfreda
619,"Marcus, Mrs. Kate",term478,592|774,marcusmrskate
620,"Markses, The",term897,340,marksesthe
621,Marranos of Hamburg,term500,676,marranosofhamburg
622,Maryland,term981,28,maryland
623,"Massarani, Tullo",term991,704|705,massaranitullo
624,"Mastbaum, Levi",term1025,829,mastbaumlevi
625,"Maurogonato, Isaac Pesaro",term757,702|738,maurogonatoisaacpesaro
626,May Laws,term553,450,maylaws
627,"Mayer, Lazarus",term13,829,mayerlazarus
628,"Mayer, Samuel",term87,775,mayersamuel
629,"Mazzini, Joseph",term748,164|166|213|428|634|701|734|747,mazzinijoseph
630,"McMichael, Morton",term294,412|417,mcmichaelmorton
631,"Meade, General",term273,76|643,meadegeneral
632,Meassephim,term248,48,meassephim
633,"Medigo, Elias Del",term173,122|190,medigoeliasdel
634,"Meisels, I. S.",term760,657,meiselsis
635,Mekizei Nirdamim,term397,347,mekizeinirdamim
636,Meldola,term284,599,meldola
637,Melikoff,term92,278,melikoff
638,"Melli, Chief Rabbi",term338,265,mellichiefrabbi
639,"Mendelssohn, Dorothea",term755,288,mendelssohndorothea
640,"Mendelssohn, Henrietta",term156,288,mendelssohnhenrietta
641,"Mendelssohn, Moses",term222,39|107|177|190|198|271|277|337|339|373|377|520|561|723|767,mendelssohnmoses
642,"Mendelssohn, Samuel",term735,103,mendelssohnsamuel
643,"Mendes, A. P.",term206,545,mendesap
644,"Mendes, Dr. F. De Solla",term330,177|820|827,mendesdrfdesolla
645,"Mendes, H. Pereira",term616,621|630|677|731|749|780|820|827,mendeshpereira
646,Menorah Monthly,term956,693|694|695|696|701|702|703|704|705|706|707|708|709|710,menorahmonthly
647,Menzini,term302,270,menzini
648,Messianic faith,term463,405,messianicfaith
649,Metastasio,term462,48,metastasio
650,"Metternich, Prince C.",term256,701,metternichprincec
651,"Meyerbeer, G.",term795,39,meyerbeerg
652,"Meyerhoff, M. S.",term574,455,meyerhoffms
653,"Michael, H. I.",term507,23,michaelhi
654,Mikveh Israel,term867,17|108|305|340|412|436|438|439|440,mikvehisrael
655,Milchamoth Chobah,term767,105|560,milchamothchobah
656,Military draft,term791,49,militarydraft
657,"Milligan, Rev. J. C. K.",term236,577,milliganrevjck
658,"Minhag (Rite), Sephardic",term998,608,minhagritesephardic
659,Minhag and Prayer,term982,84,minhagandprayer
660,Minister?s Conference,term641,519,ministersconference
661,"Mitchell, Mrs.",term857,411,mitchellmrs
662,"Modena, Leon de",term649,62|105,modenaleonde
663,Modern,term550,46|48,modern
664,Modernity,term979,87,modernity
665,"Modigiliani, Dr. Angelo",term1029,214|346,modigilianidrangelo
666,"Momigliano (of Piedmont), Rabbi",term69,192,momiglianoofpiedmontrabbi
667,"Montefiore, Judith",term269,143,montefiorejudith
668,"Montefiore, Moses",term472,215|250|257|363|434|454|455|456|534|535|545|630|680|681|704|713,montefioremoses
669,Morais Library,term326,751|806|811|820|827,moraislibrary
670,"Morais, Henry S.",term277,681|703,moraishenrys
671,"Morais, Nina",term494,81|429,moraisnina
672,Moral Science,term768,140,moralscience
673,"Morandes, S. H.",term143,432,morandessh
674,"Morpurgo, J. L.",term765,200|200,morpurgojl
675,"Morpurgo, Rachel",term581,193|270|604|783,morpurgorachel
676,"Morris, Robert",term392,17,morrisrobert
677,"Morris, William",term954,829,morriswilliam
678,"Mortara (Chief Rabbi of Mantua), Marco",term993,235|290|579|590|641,mortarachiefrabbiofmantuamarco
679,"Mortara, Edgar",term980,61|213|254|261|284,mortaraedgar
680,"Moses Montefiore, New York",term363,624|630,mosesmontefiorenewyork
681,"Moss, E. L.",term1035,504,mossel
682,"Moss, Joseph L.",term560,507,mossjosephl
683,"Moss, Lucien Herbert",term106,506|511,mosslucienherbert
684,"Mott, James and Lucretia",term838,391,mottjamesandlucretia
685,"Mott, Lucretia",term1012,503,mottlucretia
686,Mount Sinai,term98,72,mountsinai
687,"Muhr, Simon",term527,315|339|384|790|791,muhrsimon
688,"Muller, Max",term988,380|490,mullermax
689,"Munk, S.",term741,43|186|257|270|520,munks
690,"Murrell, Captain Hamilton",term505,689,murrellcaptainhamilton
691,Nachgelassene Schriften,term97,204,nachgelasseneschriften
692,"Nardi, Prof.",term413,192,nardiprof
693,Nathan the Lexicographer,term76,113,nathanthelexicographer
694,Nathan the Wise,term743,489,nathanthewise
695,"Nathan, Joseph",term583,428,nathanjoseph
696,"Nathan, Sarah Levi",term369,428,nathansarahlevi
697,"National Baptist, The",term882,242,nationalbaptistthe
698,"Naumburg, Rev. L.",term559,467,naumburgrevl
699,Neim Zemiroth Shmuel,term287,607,neimzemirothshmuel
700,"Netter, Charles",term305,254,nettercharles
701,"Neubauer, A.",term195,504,neubauera
702,"Neuhouse, Delia Rowland",term296,538,neuhousedeliarowland
703,Neuzeit (of Vienna),term593,600,neuzeitofvienna
704,New Orleans,term90,740,neworleans
705,New York Herald,term347,243|703,newyorkherald
706,"Newman, Dr. J. P.",term920,309,newmandrjp
707,"Newman, Rev. Louis C.",term623,163,newmanrevlouisc
708,"Nicholas, Czar",term1018,446,nicholasczar
709,"Nicolai, Dr.",term686,264,nicolaidr
710,"Niebhur, Carstens",term116,3,niebhurcarstens
711,"Nieto, David",term618,125|126|379|599,nietodavid
712,Ninth of Ab,term896,272|294|321|355|452|662,ninthofab
713,Nizachon,term139,105,nizachon
714,"Nordell, Philip A.",term908,593,nordellphilipa
715,North American,term254,418,northamerican
716,North American Review,term74,197|421,northamericanreview
717,Nuova Antologia Della Prosa Italiana Moderna Colla Traduzione A Fronte,term138,391,nuovaantologiadellaprosaitalianamodernacollatraduzioneafronte
718,"O?Connor, J. F. X.",term395,593,oconnorjfx
719,"O?Reilly, May A.",term555,785,oreillymaya
720,"Occident, The",term142,32|112|345|464|465|466|467|468|469|470|471|472|473|474|475|476|477|478,occidentthe
721,Occult,term415,56,occult
722,"Odorici, Mr.",term907,192,odoricimr
723,Ohev Ger,term1000,206|207|208|209|210|211|212|213|214,ohevger
724,Old Testament in the Jewish Church,term925,314|529,oldtestamentinthejewishchurch
725,"Oort, H.",term994,529,oorth
726,"Oppenheim, Moritz Daniel",term312,442,oppenheimmoritzdaniel
727,"Oppert, Jules",term792,322,oppertjules
728,Organ music in,term798,62,organmusicin
729,Oriental,term101,784,oriental
730,"Orphan Asylum, Cleveland",term52,217,orphanasylumcleveland
731,"Orphan Asylum, New York",term1004,351,orphanasylumnewyork
732,"Orthodox (also ""Mosaism"")",term17,368|432,orthodoxalsomosaism
733,"Osimo, Leon Rabbi",term934,235,osimoleonrabbi
734,"Osimo, Marco",term129,235,osimomarco
735,"Osorio, Isidore",term313,630,osorioisidore
736,"Ottolenghi, Moses",term781,655|756|766,ottolenghimoses
737,Pachad Yitschak,term725,348,pachadyitschak
738,Padua rabbinical college,term892,268|311|357|590,paduarabbinicalcollege
739,Palestine,term408,29|175,palestine
740,"Palmer, Captain H. S.",term959,72,palmercaptainhs
741,Pan-Judaic Congress,term834,219,panjudaiccongress
742,"Pape, Rev. G.",term778,17,paperevg
743,Paris,term304,57,paris
744,Parker,term965,380,parker
745,"Parkhurst, Dr.",term706,732,parkhurstdr
746,Passover,term444,232|316|397|443|576|628|629,passover
747,Pauperism,term525,8,pauperism
748,"Peabody, George",term406,35|51|142|249,peabodygeorge
749,"Peace Convention, The",term947,148,peaceconventionthe
750,"Peirce, Judge William S.",term340,591,peircejudgewilliams
751,"Peixotto, B. F.",term332,182|659,peixottobf
752,"Peixotto, Rev. Moses Levy Maduro",term345,340,peixottorevmoseslevymaduro
753,"Pellico, Silvio",term359,61,pellicosilvio
754,Penal Reform,term799,640,penalreform
755,"Penn, William",term745,309|330|420,pennwilliam
756,"Pennsylvania, Governor of",term849,7|42|44|299|420,pennsylvaniagovernorof
757,Pentecost,term681,269|291|343|392|393,pentecost
758,"Pereira, Mendes",term569,601,pereiramendes
759,"Perreau, Pietro",term739,114|228|230|235|265|322|348|394|541|542|602|657|683,perreaupietro
760,"Pesaro, Abram",term985,265|292|328,pesaroabram
761,"Pesoa, David",term955,249,pesoadavid
762,Petrarch,term694,26,petrarch
763,Phaedon,term675,626,phaedon
764,Philadelphia,term943,2|254|309|575,philadelphia
765,"Philippson (of Baltimore), David",term986,271|670,philippsonofbaltimoredavid
766,"Philips, Ellen",term133,723|729|745|758,philipsellen
767,"Philipses, The",term699,340,philipsesthe
768,Philosophy and Philosophical Authors of the Jews,term168,307,philosophyandphilosophicalauthorsofthejews
769,"Piciotto, Moses Hayyim",term171,252,piciottomoseshayyim
770,"Pick, Dr.",term1023,224,pickdr
771,Pigott,term115,688,pigott
772,"Pincherle, S. L.",term700,200,pincherlesl
773,"Pinsker, S.",term705,176,pinskers
774,Pious IX,term930,213|254,piousix
775,"Piperno, Abraham Benedict",term308,214|257|346|347|354|468|469|655|701,pipernoabrahambenedict
776,Pittsburgh Convention,term866,550|551|553,pittsburghconvention
777,"Piza, D. M.",term526,630,pizadm
778,"Pontremoli, Prof. Ezra (of Vercelli)",term733,270,pontremoliprofezraofvercelli
779,Poor Jews,term150,759|785,poorjews
780,"Porter, Judge",term562,45,porterjudge
781,"Porto, Rabbi Moses Cohen",term860,192|197,portorabbimosescohen
782,Portuguese Orphan School,term989,701,portugueseorphanschool
783,Prayer and,term874,84|87,prayerand
784,"Press, The",term362,331|432,pressthe
785,"Preyer, Prof.",term793,788,preyerprof
786,Proselytes,term120,470|720,proselytes
787,Prosperous,term810,7,prosperous
788,Protestant Episcopal Association,term864,39|59,protestantepiscopalassociation
789,Protestant Theological Faculty of Paris,term1031,615,protestanttheologicalfacultyofparis
790,"Proudhon, Pierre Joseph",term24,199,proudhonpierrejoseph
791,Providence,term632,7,providence
792,"Public Ledger, The",term153,182|198|400|401|405|407|408|420|585|609|610|622|637|643|679|681|716|732|735|736|739|777|778|785|817|818|820|821|830,publicledgerthe
793,Public school,term282,2|31|140|191|548|575,publicschool
794,Public schools,term405,575,publicschools
795,Pulpit & politics,term94,42|457|732,pulpitpolitics
796,Purim,term498,180|286|314|399|518|649|673|684,purim
797,Quakers,term45,309|391,quakers
798,Quebec,term109,29,quebec
799,Rabbinical Conference,term801,52,rabbinicalconference
800,Rabbinical Teachings,term73,64|67|69|79|82|88|93|97|100,rabbinicalteachings
801,"Rabinowitz, Joel (Cape Town)",term899,438,rabinowitzjoelcapetown
802,"Rabinowitz, Rev. M.",term84,155,rabinowitzrevm
803,"Racah, Prof. Leon",term619,288|677|682,racahprofleon
804,"Randall, Samuel J.",term1037,716,randallsamuelj
805,"Randegger, Mayer",term607,191|208,randeggermayer
806,"Raphall, Morris J. Dr.",term455,181|653,raphallmorrisjdr
807,"Rapoport, S.L.",term385,4|9|10|36|43|185|189|204|233|270|453|475|477|478|711|801,rapoportsl
808,Rashi,term485,188|522,rashi
809,Rebecca Gratz School,term606,434,rebeccagratzschool
810,Recanti of Verona,term403,62,recantiofverona
811,"Reform Judaism, (also ""Neology""/""Gentilism"")",term190,9|10|41|107|129|283|295|362|387|530|550|553,reformjudaismalsoneologygentilism
812,"Reggio, Abraham",term656,203|739,reggioabraham
813,"Reggio, Isaac Samuel",term737,14|46|122|172|177|191|196|201|203|252|270|590|603|782,reggioisaacsamuel
814,"Regina, Miriam",term486,191,reginamiriam
815,"Reich, Rev. Leo",term666,549,reichrevleo
816,Religion and Philosophy,term459,9,religionandphilosophy
817,"Renan, Ernest",term629,639|705|734|747,renanernest
818,Republicanism,term987,1|2|183|254|625,republicanism
819,"Reymond, Emil du Bois",term393,788,reymondemildubois
820,Rhode Island,term469,142,rhodeisland
821,Ricci,term286,61,ricci
822,"Riesser, Gabriel",term730,270,riessergabriel
823,Ritual Murder Charge,term181,316,ritualmurdercharge
824,Rodeph Shalom,term692,589|728,rodephshalom
825,"Rodner, David",term824,652,rodnerdavid
826,"Rodriguez, Donna Mayor",term10,670,rodriguezdonnamayor
827,Roman ghetto,term75,549,romanghetto
828,"Rosencranz, Leon L.",term754,192,rosencranzleonl
829,"Rosenfeld, S.",term418,652,rosenfelds
830,Rosh Hashanah,term970,63|245|247|274|299|301|303|324|546|671|729|796,roshhashanah
831,Rosselli family,term662,701,rossellifamily
832,"Rossi, Azariah de",term262,105|123|124|190|228|268,rossiazariahde
833,"Rossi, John B de",term299,170,rossijohnbde
834,"Rothschild, Alphonse de",term1015,704,rothschildalphonsede
835,"Rothschild, Bertha (a.k.a. Maria) de",term211,329,rothschildberthaakamariade
836,"Rothschild, Charles de",term863,329,rothschildcharlesde
837,"Rothschild, Esther",term839,539,rothschildesther
838,"Rothschild, Lionel de",term453,713,rothschildlionelde
839,Roumania,term289,180|182|183|219|254|261|262,roumania
840,"Rowland, Rev A. J.",term850,251,rowlandrevaj
841,"Rubinstein, Isaac",term12,15|241|244,rubinsteinisaac
842,Rumoured as Orthodox Chief Rabbi,term721,240|243,rumouredasorthodoxchiefrabbi
843,"Ruskay, Esther J.",term65,784,ruskayestherj
844,Russia,term664,180|261|262,russia
845,Russian Jews,term580,312|314|318|353|368|437|576|719|752|755,russianjews
846,Russo-Turkish War,term423,183,russoturkishwar
847,"Ruzanowsky, N.",term859,259,ruzanowskyn
848,Sabbath Observance Association,term233,798,sabbathobservanceassociation
849,Sabbath School,term416,17,sabbathschool
850,Sabbath School Union,term172,360|361,sabbathschoolunion
851,"Sachs, Dr.",term918,9,sachsdr
852,"Sachs, Michael",term924,270,sachsmichael
853,Saggio del Rabbino Marco Mortara,term411,311,saggiodelrabbinomarcomortara
854,"Salomons, David",term570,713,salomonsdavid
855,"Salvador, J.",term957,40,salvadorj
856,"Salzburg, Dr.",term968,797,salzburgdr
857,"Sangadun, Jacob ben",term886,340,sangadunjacobben
858,"Sanger, W.",term1033,164,sangerw
859,"Saraval, Rabbi U. V.",term1003,208,saravalrabbiuv
860,"Sasportas, Jacob",term132,599,sasportasjacob
861,"Schiller-Szinessy, S. M.",term542,522,schillerszinessysm
862,"Schlegel, Frederick",term1021,288,schlegelfrederick
863,"Schmid, Anton",term558,270|287|781|801,schmidanton
864,School Sectarianism,term875,133,schoolsectarianism
865,"Schurz, Carl",term450,351,schurzcarl
866,Scribner?s Magazine,term482,317,scribnersmagazine
867,"See, Abraham",term929,726,seeabraham
868,"Segre, Bella Bathsheba",term452,203,segrebellabathsheba
869,"Seixas, Gershom Mendes",term522,340,seixasgershommendes
870,Selections from the Talmud,term615,163,selectionsfromthetalmud
871,Senior Sachs,term306,149,seniorsachs
872,Seperation of Church and State,term835,58|401,seperationofchurchandstate
873,Sepher Hazichronot,term1027,221,sepherhazichronot
874,Sepher Hazzichronot,term614,221,sepherhazzichronot
875,Sepher Yetzirah,term673,111,sepheryetzirah
876,"Servi, Rabbi F.",term814,292,servirabbif
877,"Seward, Mr.",term18,634,sewardmr
878,Sewing Society,term679,249,sewingsociety
879,Sforno,term6,127,sforno
880,Shaarei Shamayim (London),term1039,18,shaareishamayimlondon
881,Shavuot,term128,290|632,shavuot
882,Shem Tob Samson,term544,62,shemtobsamson
883,"Sheridan, General",term252,666,sheridangeneral
884,Sherif of London,term358,515,sherifoflondon
885,"Sherman, General William T.",term677,634,shermangeneralwilliamt
886,Shir Yedidoth,term160,311,shiryedidoth
887,"Silberman, E. L. (""The Maggid"")",term440,190,silbermanelthemaggid
888,"Simon, Richard",term325,210,simonrichard
889,"Singer, Abram",term419,352,singerabram
890,Sketches of Anglo-Jewish History,term105,184,sketchesofanglojewishhistory
891,Slaughtering Techniques,term668,45,slaughteringtechniques
892,Slavery,term225,28|29,slavery
893,"Slonimsky, Hayim S.",term563,189,slonimskyhayims
894,Slum clearance,term702,741,slumclearance
895,"Smith, Charles Emory",term948,719,smithcharlesemory
896,"Smith, Goldwin",term997,377|432|448|746,smithgoldwin
897,"Smith, Henry Preserved",term599,607,smithhenrypreserved
898,"Smith, Willaim Robertson",term761,313|479|480|481|482|491|492|493|494|495|511|725,smithwillaimrobertson
899,"Soave, Moise",term367,193,soavemoise
900,Social Science Association,term212,400,socialscienceassociation
901,Society for the Prevention of Cruelty to Animals,term424,45|570|573|789,societyforthepreventionofcrueltytoanimals
902,Society of the United Hebrew Charities of Philadelphia,term549,249,societyoftheunitedhebrewcharitiesofphiladelphia
903,Society to Prevent Children from Cruelty,term348,663,societytopreventchildrenfromcruelty
904,"Sola, Mendes de",term247,601,solamendesde
905,"Sola, Rev. David Aaron de",term774,346,solarevdavidaaronde
906,"Solis-Cohen, D.",term805,621|746,soliscohend
907,"Solis, David",term797,829,solisdavid
908,"Solla (of Montego Bay), Jacob M. de",term81,19|20|21,sollaofmontegobayjacobmde
909,"Solomon of Malach, (Chief Rabbi of Leghorn)",term23,62,solomonofmalachchiefrabbiofleghorn
910,"Solomon, Hayim",term770,17|746,solomonhayim
911,"Sonnenfeld, Dr.",term201,726,sonnenfelddr
912,"Sonnenschein (of Temple Israel, St. Louis), S. H.",term266,337|361|596|694,sonnenscheinoftempleisraelstlouissh
913,"Sorani (Chief Rabbi of Cuneo), Moses",term729,590,soranichiefrabbiofcuneomoses
914,Spain,term353,1|44,spain
915,Spain and the Jews,term114,598,spainandthejews
916,Spanish and Portuguese synagogue in Leghorn and Amsterdam,term533,351,spanishandportuguesesynagogueinleghornandamsterdam
917,Spanish and Portuguese synagogue in New York (Shearith Israel),term736,556|563|799,spanishandportuguesesynagogueinnewyorkshearithisrael
918,Spanish Inquisition,term872,364,spanishinquisition
919,"Speaker, Henry D.",term506,780|793|803,speakerhenryd
920,"Spencer, Herbert",term818,670,spencerherbert
921,"Spinoza, Benedict",term121,193|237|288|336|337,spinozabenedict
922,Spinozism,term540,337|339,spinozism
923,"Stapfer, Edmond",term684,658,stapferedmond
924,Statue of Religious Liberty,term218,164|166|423,statueofreligiousliberty
925,"Steinschneider, Moritz",term690,235|697,steinschneidermoritz
926,"Stern (of Washington), Rev.",term1008,594,sternofwashingtonrev
927,"Stern, Dr.",term1006,432,sterndr
928,"Stern, Mandel",term391,783,sternmandel
929,"Sternberg, Mr.",term585,320|424,sternbergmr
930,"Stewart, Dugald",term187,337,stewartdugald
931,"Stoecker, Adolph",term154,278,stoeckeradolph
932,"Storia degli Ebrei in Sicilia pel Dottor L. Zunz, tradotta dal tedesco da Pietro Perreau",term855,267,storiadegliebreiinsiciliapeldottorlzunztradottadaltedescodapietroperreau
933,Succoth,term245,66|248|276|302|327|398,succoth
934,"Sultan, Turkish",term25,175,sultanturkish
935,"Sulzberger, Leopold",term163,305|306,sulzbergerleopold
936,"Sulzberger, Mayer",term714,112|746,sulzbergermayer
937,"Sunday Dispatch, The",term964,9|10|47|55|145|183|205|257|280|293|297|309|330|625|678,sundaydispatchthe
938,Sunday Question,term777,205,sundayquestion
939,"Susan, Issachar ben Mordechai",term823,222,susanissacharbenmordechai
940,Sweating System,term825,785|786,sweatingsystem
941,"Sylva, Carmen",term124,790,sylvacarmen
942,"Synagogue, The",term709,80|84,synagoguethe
943,Synod (proposed),term589,277,synodproposed
944,"Szold, Benjamin",term976,352|583,szoldbenjamin
945,Tachkemoni,term421,111,tachkemoni
946,Talmud,term630,476,talmud
947,Talmudic Dictionary,term196,625,talmudicdictionary
948,Teachers,term501,81,teachers
949,"Tedeschi (of Trieste), Moses",term990,201|271|311|579|583|604|782,tedeschioftriestemoses
950,"Tedeschi, Marco",term680,193|234|287,tedeschimarco
951,"Tedeschi, Rabbi Mario",term335,197,tedeschirabbimario
952,"Tedesco, Baron Herman",term1028,102,tedescobaronherman
953,th Birthday,term858,721|726|806|807|808|809|810|811|812|813|814|815|819|820|821|823|825|826|827|829|830,thbirthday
954,Thanksgiving,term107,1|2|7|23|31|42|51|57|61|90|104|108|166|254|332|411|413|419|430|585|640|735|736|737|768|790|795,thanksgiving
955,The Bible for Home Reading,term750,800,thebibleforhomereading
956,The Chronicles of the Prophet,term47,359,thechroniclesoftheprophet
957,"The Jewish Method of Slaughter, Compared with other Methods, from the Sanitarian Hygienic and Economic Points of View",term995,788,thejewishmethodofslaughtercomparedwithothermethodsfromthesanitarianhygienicandeconomicpointsofview
958,The Jewish Problem,term635,335,thejewishproblem
959,The Mind of Michaelangelo,term155,359,themindofmichaelangelo
960,The Trefa Banquet,term747,382,thetrefabanquet
961,Thiers,term493,61,thiers
962,"Thomas, Theodore",term33,144,thomastheodore
963,"Tiboni (of Brescia), Peter",term253,192,tiboniofbresciapeter
964,Tiferet Israel,term402,743,tiferetisrael
965,Tisza Eszlar,term474,363,tiszaeszlar
966,Torah Nidreshet,term708,197|199,torahnidreshet
967,"Torre (of Luneo), Lelllio Della",term727,203|204|270|271|337|590|641|783,torreofluneolellliodella
968,Torres,term331,699,torres
969,"Touro, Judah",term383,217,tourojudah
970,Touros,term971,37|142,touros
971,Translation and Criticism of the Psalms,term713,359,translationandcriticismofthepsalms
972,Treaty of Washington,term49,61,treatyofwashington
973,"Treitschke, Prof. Heinrich von",term996,278|441,treitschkeprofheinrichvon
974,"Treves, Sabato Graziado",term916,782,trevessabatograziado
975,Trieste,term1020,191|234|782,trieste
976,"Trieste, Gabriel",term242,203|204,triestegabriel
977,"Tunstall, Nannie",term594,606,tunstallnannie
978,"Turetzki, Israel",term400,754,turetzkiisrael
979,Ugav Rachel,term382,783,ugavrachel
980,Union League (of Philadelphia),term958,25|581|618,unionleagueofphiladelphia
981,Union of American Hebrew Congregations,term627,256,unionofamericanhebrewcongregations
982,Unitarianism,term477,380,unitarianism
983,United Hebrew Charities,term426,35|291|304,unitedhebrewcharities
984,Unity,term192,80|90|92,unity
985,Urschrift,term919,204,urschrift
986,"Vadaver, H.",term322,17,vadaverh
987,"VanBeil, Mrs. Emily",term789,433,vanbeilmrsemily
988,"Veneziani, Emanuel",term208,214|254|278|437|634|676|677|678|679|680|681,venezianiemanuel
989,"Veneziani, Victor",term887,681,venezianivictor
990,"Verdi, Guiseppe (of Casale, Italy)",term471,704,verdiguiseppeofcasaleitaly
991,Vessillo Israelitico,term162,273|293|328|334|357|565|579|590|600,vessilloisraelitico
992,Vicksburg,term822,28,vicksburg
993,Victor Emmanuel II (King of Italy),term433,61|213|261|359|702|738|752,victoremmanueliikingofitaly
994,"Victoria, Queen",term653,599,victoriaqueen
995,"Vidaver, Dr. Henry",term688,46|310,vidaverdrhenry
996,"Vienna, Jewish Community of",term775,102,viennajewishcommunityof
997,"Vincent, John H.",term410,797,vincentjohnh
998,"Vineland Colony, N.J.",term975,320|424|691,vinelandcolonynj
999,"Virchow, Rudolph",term885,788,virchowrudolph
1000,"Voorsanger, Jacob",term165,361,voorsangerjacob
1001,War of Independence,term351,128,warofindependence
1002,War of Independence (American),term732,1,warofindependenceamerican
1003,Warsaw,term360,94,warsaw
1004,Washington Monument,term660,517,washingtonmonument
1005,"Washington, George",term207,17|689|816|830,washingtongeorge
1006,"Watts (of Belfast), Prof.",term543,491,wattsofbelfastprof
1007,Webster,term992,688,webster
1008,"Weil, Gustav",term339,322,weilgustav
1009,"Weil, Jacob",term906,675,weiljacob
1010,"Wellhausen, Julius",term876,313|605|621,wellhausenjulius
1011,"Wessely, Hertz",term193,10|177|190|278|520,wesselyhertz
1012,Western Union College,term567,157,westernunioncollege
1013,"White, Caroline Earle",term609,789,whitecarolineearle
1014,"Wilberforce, William",term95,515,wilberforcewilliam
1015,"Wilburn, Cora",term492,581|619,wilburncora
1016,"Williamson, Isaiah V.",term504,142,williamsonisaiahv
1017,"Wilson, Vice President",term931,137,wilsonvicepresident
1018,"Wise, I. M.",term844,3|4|5|6|129|155|217|241|244|264|357|365|368|369|370|372|373|374|375|377|378|379|381|385|386|387|388|449|486|641|700|724|733,wiseim
1019,"Wittenberg, David H.",term271,780|793|803,wittenbergdavidh
1020,"Wogue, Rabbi",term514,294,woguerabbi
1021,"Wohelener, Jette",term578,604,wohelenerjette
1022,"Wolfenstein, Dr.",term520,217,wolfensteindr
1023,"Woods, Rev. F. H.",term228,607,woodsrevfh
1024,World?s Fair,term19,753,worldsfair
1025,Year Book for the Diffusion of an Accurate Knowledge of ancient and Modern Palestine,term209,325,yearbookforthediffusionofanaccurateknowledgeofancientandmodernpalestine
1026,"Yeedish Gazette, The",term652,155,yeedishgazettethe
1027,Yom Kippur,term1007,246|275|300|304|326|363|404|409|445|462|547|622|623|672|722|759|767|784|785,yomkippur
1028,Yom Kippur Before Metz,term480,441,yomkippurbeforemetz
1029,Young Israel of America,term261,131,youngisraelofamerica
1030,Young Men?s Hebrew Association,term140,181|284|313|396|421|487|490|491|670,youngmenshebrewassociation
1031,Young Women?s Union,term969,656,youngwomensunion
1032,Zaakath Sheber,term255,311,zaakathsheber
1033,"Zadoc, Dr.",term427,103,zadocdr
1034,"Zambelli, Dr.",term57,782,zambellidr
1035,Zechor Le Avraham,term572,347,zechorleavraham
1036,"Zelman, Samuel V.",term999,191|311|782,zelmansamuelv
1037,Zionism,term93,175|294|805,zionism
1038,"Zunz, Leopold",term122,9|123|194|204|234|265|267|270|288|541|542|587,zunzleopold
1039,Zur Geschichte und Literatur,term229,267,zurgeschichteundliteratur