term,values
Asmonean,1
Literary associations,1
Republicanism,1
Spain,1
Thanksgiving,1
War of Independence (American),1
"Disasters, natural & man-made",2
Philadelphia,2
Public school,2
Republicanism,2
Thanksgiving,2
"Abarbanel, Isaac ben Judah",3
Asmonean,3
Higher biblical criticism,3
"Ibn Ezra, Abraham",3
"Luzzatto, S.D. Prof.",3
"Niebhur, Carstens",3
"Wise, I. M.",3
History of the Jewish Nation,3
Asmonean,4
Higher biblical criticism,4
"Rapoport, S.L.",4
"Wise, I. M.",4
Asmonean,5
"Ibn Ezra, Abraham",5
"Wise, I. M.",5
Asmonean,6
"Ibn Ezra, Abraham",6
"Wise, I. M.",6
Asmonean,7
"Constitution, American",7
English antagonism,7
Knownothingism,7
"Labour, condition of",7
"Pennsylvania, Governor of",7
Prosperous,7
City of Fidelity,7
City of Love,7
City of Righteousness,7
Providence,7
Thanksgiving,7
Asmonean,8
Charity,8
"Gans, Daniel",8
"Jewish Foster Home Society, Philadelphia",8
"Jewish Foster Home and Orphan Asylum, Philadelphia",8
Domestic,8
Pauperism,8
"Holdheim, I.",9
Jerusalem,9
"Rapoport, S.L.",9
"Reform Judaism, (also ""Neology""/""Gentilism"")",9
Religion and Philosophy,9
Creeds and Opinions,9
"Sachs, Dr.",9
"Sunday Dispatch, The",9
"Zunz, Leopold",9
Frederic the Great,10
"Joseph II, H. R. E.",10
"Luzzatto, S.D. Prof.",10
"Rapoport, S.L.",10
"Reform Judaism, (also ""Neology""/""Gentilism"")",10
"Sunday Dispatch, The",10
"Wessely, Hertz",10
Jewish Messenger,11
Discourse on the Resurrection of the Dead,11
Jewish Messenger,12
Discourse on the Resurrection of the Dead,12
Jewish Messenger,13
Discourse on the Resurrection of the Dead,13
Jewish Messenger,14
Discourse on the Resurrection of the Dead,14
"Reggio, Isaac Samuel",14
Jewish Messenger,15
Discourse on the Resurrection of the Dead,15
"Rubinstein, Isaac",15
Higher biblical criticism,16
Jewish Messenger,16
"Luzzatto, S.D. Prof.",16
"Breidenbach, Rev. J.",17
Crown Street,17
Julianna Street,17
Leghorn,17
"Etting, Ruben",17
"Franks, Levi",17
"Gratz, Michael",17
"Gratz, Rebecca",17
"Gratz, Simeon",17
"Hassler, Mark",17
Higher biblical criticism,17
"Isaacs, S. Meyer Rev",17
Jewish Messenger,17
"Leeser, Rev I.",17
"Madison, James",17
Mikveh Israel,17
"Morris, Robert",17
"Pape, Rev. G.",17
Jews move west in,17
Sabbath School,17
"Solomon, Hayim",17
"Architecture, see",17
"Vadaver, H.",17
"Washington, George",17
Chalizah,18
Shaarei Shamayim (London),18
Jewish Messenger,18
"Kalisch, Dr. Isidor",18
"Chalmers, Dr. Mamzer, law of the",19
Jewish Messenger,19
"Solla (of Montego Bay), Jacob M. de",19
"Chalmers, Dr. Mamzer, law of the",20
Jewish Messenger,20
"Solla (of Montego Bay), Jacob M. de",20
"Chalmers, Dr.",21
"Chalmers, Dr. Mamzer, law of the",21
Jewish Messenger,21
"Solla (of Montego Bay), Jacob M. de",21
Civil War,22
Jewish Messenger,22
"Lincoln, Abraham",22
Civil War,23
Jewish Messenger,23
"Michael, H. I.",23
Keystone State,23
Thanksgiving,23
Civil War,24
"Lincoln, Abraham",24
Civil War,25
Jewish Messenger,25
Union League (of Philadelphia),25
Bandiera brothers,26
Civil War,26
Dante Alighieri,26
Italy,26
Petrarch,26
"Hart, Sara H.",27
Jewish Messenger,27
Atlanta,28
Civil War,28
Copperheads,28
Maryland,28
Slavery,28
Vicksburg,28
Abolitionism,29
"Confederacy, The",29
Everett,29
"Lincoln, Abraham",29
Palestine,29
Quebec,29
Slavery,29
Capital punishment,30
"Johnson, Andrew",30
"Disasters, natural & man-made",31
As advance troops of Universal Emancipation,31
Public school,31
Thanksgiving,31
Jewish Messenger,32
Creating a unified American Rite,32
"Occident, The",32
Jewish Messenger,33
"Maimonides, Moses",33
Jewish Messenger,34
Creating a unified American Rite,34
and social virtue,34
Charity,35
Hebrew Relief Association,35
Jewish Messenger,35
"Leeser, Rev I.",35
"Peabody, George",35
United Hebrew Charities,35
"Chorin, Aaron",36
Dukes family,36
Endelmann family,36
Jewish Messenger,36
Creating a unified American Rite,36
"Rapoport, S.L.",36
Christian evangelism,37
Touros,37
Anti-Semitism and its good effect,38
Christian evangelism,38
Fraud charge,38
Jewish Messenger,38
"Artom, Isaac",39
"Cavalieri, E.: Cavour, C.",39
"Delitzch, Franz",39
"Ewald, H.",39
Hallevi,39
"Lavater, Johan Casper",39
"Mendelssohn, Moses",39
"Meyerbeer, G.",39
Protestant Episcopal Association,39
Abolitionism,40
Archivolti,40
"Gesenius, H.",40
"Ibn Ezra, Abraham",40
"Ibn Ganach, Jonah",40
"Israelite, The",40
Jewish Messenger,40
"Luzzatto, S.D. Prof.",40
Maimonides College,40
"Salvador, J.",40
History of the Jewish Nation,40
Jewish Messenger,41
"Reform Judaism, (also ""Neology""/""Gentilism"")",41
"Disasters, natural & man-made",42
Italy,42
"Pennsylvania, Governor of",42
Pulpit & politics,42
Thanksgiving,42
"Leeser, Rev I.",43
"Luzzatto, S.D. Prof.",43
"Munk, S.",43
"Rapoport, S.L.",43
"Disasters, natural & man-made",44
"Pennsylvania, Governor of",44
Spain,44
"Adler, Dr. Nathan M. (Chief Rabbi of Great Britain)",45
"Bergh, Henry",45
and Ritual Slaughter,45
"Kayserling, Dr. M.",45
"Porter, Judge",45
Slaughtering Techniques,45
Society for the Prevention of Cruelty to Animals,45
Modern,46
Jewish Messenger,46
"Letteris, Mayer M.",46
"Luzzatto, S.D. Prof.",46
"Reggio, Isaac Samuel",46
"Vidaver, Dr. Henry",46
"Constitution, American",47
"Constitution, American: Christianizing",47
"Sunday Dispatch, The",47
Ha-Maggid,48
Modern,48
"Jeitelles, Judah",48
Jewish Messenger,48
"Letteris, Mayer M.",48
"Luzzatto, S.D. Prof.",48
Meassephim,48
Metastasio,48
Archives Isra?lites de France,49
"Bayle, Pierre",49
Galicia,49
"Jellinek, Dr. Adolph",49
Jewish Messenger,49
Lemberg,49
Military draft,49
Anshe Hashem,49
Jewish Messenger,50
Encyclopedia,50
"Peabody, George",51
Thanksgiving,51
"Hirsch, Samuel",52
Jewish Messenger,52
Rabbinical Conference,52
Jewish Messenger,53
Encyclopedia,53
Jewish Messenger,54
Encyclopedia,54
Capital punishment,55
"Sunday Dispatch, The",55
and the Occult,56
Occult,56
Franco-Prussian War,57
"Garibaldi, Guiseppe",57
"Lafayette, General de",57
Paris,57
Thanksgiving,57
"Constitution, American",58
"Constitution, American: Christianizing",58
Seperation of Church and State,58
Christian evangelism,59
Protestant Episcopal Association,59
Jewish Messenger,60
Bandiera brothers,61
"Bonaparte, Napoleon",61
"Cobden, William",61
"D?Harcourt, Duke",61
"Disasters, natural & man-made",61
Entente cordiale,61
Franco-Prussian War,61
Italy,61
"Mortara, Edgar",61
"Pellico, Silvio",61
Ricci,61
Thanksgiving,61
Thiers,61
Treaty of Washington,61
Victor Emmanuel II (King of Italy),61
"Chorin, Aaron",62
Hamburg,62
Jewish Messenger,62
and Synagogue Music,62
"Leghorn, Chief Rabbi of",62
"Modena, Leon de",62
Recanti of Verona,62
Shem Tob Samson,62
"Solomon of Malach, (Chief Rabbi of Leghorn)",62
Organ music in,62
Hebrew Calendar,63
Jewish Hospital of Cincinnati,63
"Jewish Index, The",63
Rosh Hashanah,63
Jewish Hospital of Cincinnati,64
"Jewish Index, The",64
Rabbinical Teachings,64
Israelitish Review,65
Jewish Hospital of Cincinnati,65
"Jewish Index, The",65
Lessons in Moral Theology,65
Jewish Hospital of Cincinnati,66
"Jewish Index, The",66
Succoth,66
Jewish Hospital of Cincinnati,67
"Jewish Index, The",67
Rabbinical Teachings,67
Jewish Hospital of Cincinnati,68
"Jewish Index, The",68
Lessons in Moral Theology,68
Jewish Hospital of Cincinnati,69
"Jewish Index, The",69
Rabbinical Teachings,69
Jewish Hospital of Cincinnati,70
"Jewish Index, The",70
Lessons in Moral Theology,70
Adas Israel,71
"Elkin, Dr. M.",71
"Fox, Daniel M.",71
"Hirsch, Samuel",71
"Jacobs, George (Rev.)",71
"Jastrow, Morris",71
Jewish Hospital of Cincinnati,71
"Jewish Index, The",71
Jewish Hospital of Cincinnati,72
"Jewish Index, The",72
Mount Sinai,72
"Palmer, Captain H. S.",72
Jewish Hospital of Cincinnati,73
"Jewish Index, The",73
Lessons in Moral Theology,73
Boston,74
"Disasters, natural & man-made",74
Jewish Hospital of Cincinnati,74
"Jewish Index, The",74
Boston,75
"Disasters, natural & man-made",75
Jewish Hospital of Cincinnati,75
"Jewish Index, The",75
Jewish Hospital of Cincinnati,76
"Jewish Index, The",76
"Meade, General",76
Hebrew Education Society School,77
Jewish Hospital of Cincinnati,77
"Jewish Index, The",77
"Leeser, Rev I.",77
Jewish Hospital of Cincinnati,78
"Jewish Index, The",78
Lessons in Moral Theology,78
Jewish Hospital of Cincinnati,79
"Jewish Index, The",79
Rabbinical Teachings,79
Jewish Hospital of Cincinnati,80
"Jewish Index, The",80
"Synagogue, The",80
Unity,80
Jewish Hospital of Cincinnati,81
"Jewish Index, The",81
Jewish Women,81
"Morais, Nina",81
Teachers,81
Jewish Hospital of Cincinnati,82
"Jewish Index, The",82
Rabbinical Teachings,82
Jewish Hospital of Cincinnati,83
"Jewish Index, The",83
Lessons in Moral Theology,83
Jewish Hospital of Cincinnati,84
"Jewish Index, The",84
"Synagogue, The",84
Minhag and Prayer,84
Prayer and,84
"Friedenwald, A.",85
Jewish Hospital of Cincinnati,85
"Jewish Index, The",85
Jewish Hospital of Cincinnati,86
"Jewish Index, The",86
Lessons in Moral Theology,86
Jewish Hospital of Cincinnati,87
"Jewish Index, The",87
Modernity,87
Prayer and,87
and Modernising,87
Jewish Hospital of Cincinnati,88
"Jewish Index, The",88
Rabbinical Teachings,88
"Greely, Horace",89
Jewish Hospital of Cincinnati,89
"Jewish Index, The",89
"Elkin, Dr. M.",90
Hebrew Education Society School,90
"Jacobs, George (Rev.)",90
"Jacobs, Henry S.",90
"Jastrow, Morris",90
Jewish Hospital of Cincinnati,90
"Jewish Index, The",90
Unity,90
Thanksgiving,90
Jewish Hospital of Cincinnati,91
"Jewish Index, The",91
Lessons in Moral Theology,91
Castner,92
Jewish Hospital of Cincinnati,92
"Jewish Index, The",92
Unity,92
Jewish Hospital of Cincinnati,93
"Jewish Index, The",93
Rabbinical Teachings,93
Ha-Maggid,94
Jewish Hospital of Cincinnati,94
"Jewish Index, The",94
Warsaw,94
Jewish Hospital of Cincinnati,95
"Jewish Index, The",95
Lessons in Moral Theology,95
Jewish Hospital of Cincinnati,96
"Jewish Index, The",96
"and Ritual ""innovation""",96
Jewish Hospital of Cincinnati,97
"Jewish Index, The",97
Rabbinical Teachings,97
Jewish Hospital of Cincinnati,98
"Jewish Index, The",98
Lessons in Moral Theology,98
Hanuccah,99
Jewish Hospital of Cincinnati,99
"Jewish Index, The",99
Jewish Hospital of Cincinnati,100
"Jewish Index, The",100
Rabbinical Teachings,100
Jewish Hospital of Cincinnati,101
"Jewish Index, The",101
Lessons in Moral Theology,101
Jewish Hospital of Cincinnati,102
"Jewish Index, The",102
"Tedesco, Baron Herman",102
"Vienna, Jewish Community of",102
"Ascher, Rev. Simon",103
Boulogne,103
"Green, Rev. A. L.",103
"Jewish Chronicle, The (London)",103
Jewish Hospital of Cincinnati,103
"Jewish Index, The",103
"Levi, David (of Turin)",103
"Mendelssohn, Samuel",103
"Zadoc, Dr.",103
Jewish Hospital of Cincinnati,104
"Jewish Index, The",104
Thanksgiving,104
Alliance IsraA?lite Universelle,105
"Benamozegh, Elias (of Leghorn)",105
Nizachon,105
"Luzzatto, S.D. Prof.",105
"Modena, Leon de",105
Milchamoth Chobah,105
"Rossi, Azariah de",105
Jesus Christ et sa Doctrine,105
Chizzuk Emunah,105
"Jewish Hospital and Home of the Aged, Philadelphia",106
Jewish Messenger,107
"Mendelssohn, Moses",107
Jerusalem,107
"Reform Judaism, (also ""Neology""/""Gentilism"")",107
"Castelar, Emilio",108
Cuba,108
Jewish Messenger,108
Mikveh Israel,108
Keystone State,108
Thanksgiving,108
Hebrew,109
Hebrew Education Society School,109
as language of prayer,109
Jewish Messenger,109
Cremation,110
"Castellar: Castelli, David",111
"Donnolo, Sabbatei",111
"Donolo, I.",111
Italian,111
Jewish Messenger,111
Sepher Yetzirah,111
Tachkemoni,111
Italian,112
Jewish Messenger,112
"Kalir, Eleazar",112
"Occident, The",112
"Sulzberger, Mayer",112
Aruch Completum,113
Italian,113
Jewish Messenger,113
"Kohut, Dr. Alexander",113
Nathan the Lexicographer,113
Italian,114
Immanuel of Rome,114
Jewish Messenger,114
"Perreau, Pietro",114
Italian,115
Immanuel of Rome,115
Jewish Messenger,115
Italian,116
Immanuel of Rome,116
Jewish Messenger,116
Italian,117
Immanuel of Rome,117
Jewish Messenger,117
"Graetz, Dr. Heinrich",118
Italian,118
Immanuel of Rome,118
Jewish Messenger,118
Italian,119
Immanuel of Rome,119
Jewish Messenger,119
Italian,120
Immanuel of Rome,120
Jewish Messenger,120
Italian,121
Immanuel of Rome,121
Jewish Messenger,121
Italian,122
Jewish Messenger,122
"Medigo, Elias Del",122
"Reggio, Isaac Samuel",122
Italian,123
Jewish Messenger,123
"Rossi, Azariah de",123
"Zunz, Leopold",123
Italian,124
Jewish Messenger,124
"Rossi, Azariah de",124
Italian,125
Jewish Messenger,125
"Nieto, David",125
Italian,126
Jewish Messenger,126
"Nieto, David",126
Almansi,127
Balmesi,127
"Benedetti, Salvatore de",127
Italian,127
Jewish Messenger,127
"Lampronti, Isaac",127
Luzzatto family,127
Sforno,127
"Adams, John",128
Jewish Messenger,128
War of Independence,128
American Israelite,129
"Reform Judaism, (also ""Neology""/""Gentilism"")",129
"Wise, I. M.",129
American Israelite,130
Creating a unified American Rite,130
"and Ritual ""innovation""",130
American Israelite,131
"Jewish Record, The",131
"and Ritual ""innovation""",131
Young Israel of America,131
American Israelite,132
"Jewish Record, The",132
"and Ritual ""innovation""",132
"Board of Education, Philadelphia",133
"Board of Hebrew Ministers, Philadelphia",133
"Jewish Record, The",133
School Sectarianism,133
"Jewish Record, The",134
Character of,134
American Israelite,135
as language of prayer,135
Jewish Messenger,135
"Jewish Record, The",135
"and Ritual ""innovation""",135
American Israelite,136
as language of prayer,136
Jewish Messenger,136
"Jewish Record, The",136
"and Ritual ""innovation""",136
"Wilson, Vice President",137
American Israelite,138
as language of prayer,138
Jewish Messenger,138
"Jewish Record, The",138
"Jonah, Solomon",138
American Israelite,139
Jewish Messenger,139
"Jewish Record, The",139
Creating a unified American Rite,139
"and Ritual ""innovation""",139
"Gratz, Simeon",140
Public school,140
Moral Science,140
American Israelite,141
Jewish Messenger,141
"Jewish Record, The",141
"and Ritual ""innovation""",141
"Franklin, Benjamin",142
Immigration,142
"Jefferson, Thomas",142
"Peabody, George",142
Rhode Island,142
Touros,142
"Williamson, Isaiah V.",142
Anglo-Jewry,143
"Jewish Record, The",143
"Montefiore, Judith",143
"and Ritual ""innovation""",143
Centennial [1876],144
"Jewish Record, The",144
"Jones, Horatio Gates",144
"Thomas, Theodore",144
Centennial [1876],145
"Labour, condition of",145
"Sunday Dispatch, The",145
"Jewish Record, The",146
"Inspiring Hope, The",146
"Jewish Record, The",147
"Inspiring Hope, The",147
Italian artisans,148
"Jewish Record, The",148
"Peace Convention, The",148
"Jewish Record, The",149
"Inspiring Hope, The",149
Senior Sachs,149
"Jewish Record, The",150
"Jewish Record, The",151
"Inspiring Hope, The",151
"Jewish Record, The",152
"Inspiring Hope, The",152
"Jewish Record, The",153
"Inspiring Hope, The",153
"Jewish Record, The",154
"Inspiring Hope, The",154
"Jewish Record, The",155
"Rabinowitz, Rev. M.",155
"Wise, I. M.",155
"Yeedish Gazette, The",155
"Jewish Record, The",156
"Inspiring Hope, The",156
Cincinnati College,157
Hebrew Education Society School,157
"Jewish Record, The",157
Maimonides College,157
Western Union College,157
"Jewish Record, The",158
"Inspiring Hope, The",158
"Jewish Record, The",159
"Inspiring Hope, The",159
"Jewish Record, The",160
"Inspiring Hope, The",160
"Jewish Record, The",161
"Inspiring Hope, The",161
"Jewish Record, The",162
Centennial City,162
American Catholic Quarterly Review,163
Chiarini,163
"Deutsch, Emanuel",163
"Eisenmenger, J. A.",163
"Jewish Record, The",163
Lippincott?s Magazine,163
"Newman, Rev. Louis C.",163
Selections from the Talmud,163
Bnai Brith,164
"Ezekial, Moses",164
"Mazzini, Joseph",164
"Sanger, W.",164
Statue of Religious Liberty,164
"Jewish Record, The",165
A Critical and Hermeneutical Introduction to the Pentateuch,165
"Ezekial, Moses",166
"Jewish Record, The",166
"Jones, Horatio Gates",166
"Keyser, Charles S.",166
"Mazzini, Joseph",166
Statue of Religious Liberty,166
Thanksgiving,166
"Jewish Record, The",167
A Critical and Hermeneutical Introduction to the Pentateuch,167
"Jewish Record, The",168
A Critical and Hermeneutical Introduction to the Pentateuch,168
"Jewish Record, The",169
A Critical and Hermeneutical Introduction to the Pentateuch,169
"Jewish Record, The",170
A Critical and Hermeneutical Introduction to the Pentateuch,170
"Rossi, John B de",170
"Jewish Record, The",171
A Critical and Hermeneutical Introduction to the Pentateuch,171
"Jewish Record, The",172
A Critical and Hermeneutical Introduction to the Pentateuch,172
"Reggio, Isaac Samuel",172
"Jewish Record, The",173
A Critical and Hermeneutical Introduction to the Pentateuch,173
as language of prayer,174
"Jewish Record, The",174
Alliance IsraA?lite Universelle,175
"Bismark, Otto von",175
"Macaulay, Thomas B.",175
Palestine,175
"Sultan, Turkish",175
Zionism,175
"Jewish Record, The",176
"Kirkovitch, Abraham",176
A Critical and Hermeneutical Introduction to the Pentateuch,176
"Pinsker, S.",176
"Derenburg, Joseph",177
"Jewish Record, The",177
"Luzzatto, S.D. Prof.",177
"Mendelssohn, Moses",177
"Mendes, Dr. F. De Solla",177
"Reggio, Isaac Samuel",177
"Wessely, Hertz",177
"Jewish Record, The",178
A Critical and Hermeneutical Introduction to the Pentateuch,178
"Jewish Record, The",179
A Critical and Hermeneutical Introduction to the Pentateuch,179
Purim,180
Roumania,180
Russia,180
Association Review,181
Bene Yeshurun,181
"Davids, Arthur Lumley",181
"Hebrew Review, The",181
"Raphall, Morris J. Dr.",181
Young Men?s Hebrew Association,181
"Freeman, E. A.",182
"Jewish Record, The",182
"Peixotto, B. F.",182
"Public Ledger, The",182
Roumania,182
Republicanism,183
Roumania,183
Russo-Turkish War,183
"Sunday Dispatch, The",183
Anglo-Jewry,184
"Davids, Arthur Lumley",184
"Hartog, Numa Edward",184
"Henry, Michael",184
"Jewish Chronicle, The (London)",184
Sketches of Anglo-Jewish History,184
Antologica Israelitica (of Corfu),185
"Jewish Record, The",185
"Luzzatto, Philoxene",185
"Rapoport, S.L.",185
Abd-al-Rahman III,186
"Cohn, Albert",186
"D?Aboddie, M.",186
Falashas,186
"Ibn Shaprut, Hisdai",186
"Jewish Record, The",186
"Luzzatto, Philoxene",186
"Luzzatto, S.D. Prof.",186
"Munk, S.",186
"Ben Labrat, Dunash",187
"Ibn Saruq, Menachem ben Jacob",187
"Jewish Record, The",187
"Labrat, Dounash ben",187
"Luzzatto, S.D. Prof.",187
"Ben Labrat, Dunash",188
"Filipowsky, Herschell",188
"Ibn Saruq, Menachem ben Jacob",188
"Ibn Shaprut, Hisdai",188
"Jewish Record, The",188
"Labrat, Dounash ben",188
Beth Ha-Ozar,188
Rashi,188
"Rapoport, S.L.",189
"Slonimsky, Hayim S.",189
"Bonaparte, Napoleon",190
"Busch, Isidore",190
"Donolo, I.",190
Emanuel,190
"Franz Ferdinand, Archduke",190
"Jewish Record, The",190
"Luzzatto, Dr. Isaiah",190
"Luzzatto, Hezekiah",190
Autobiography,190
"Medigo, Elias Del",190
"Mendelssohn, Moses",190
"Rossi, Azariah de",190
"Silberman, E. L. (""The Maggid"")",190
"Wessely, Hertz",190
"Formiggini, Saul",191
"Jewish Record, The",191
"Lolli, Ehud",191
"Luzzatto, Dr. Isaiah",191
"Luzzatto, Philoxene",191
"Luzzatto, S.D. Prof.",191
Autobiography,191
Public school,191
"Randegger, Mayer",191
"Reggio, Isaac Samuel",191
"Regina, Miriam",191
Trieste,191
"Zelman, Samuel V.",191
"Berlin, Isaiah (of Breslau)",192
"Ginzburg, Raphael W.",192
Gironti (of Brescia),192
"Jewish Record, The",192
"Luzzatto, Dr. Isaiah",192
Autobiography,192
"Momigliano (of Piedmont), Rabbi",192
"Nardi, Prof.",192
"Odorici, Mr.",192
"Porto, Rabbi Moses Cohen",192
"Rosencranz, Leon L.",192
"Tiboni (of Brescia), Peter",192
"Condillac, Etienne Bonnot de",193
"Locke, John",193
Autobiography,193
"Morpurgo, Rachel",193
"Soave, Moise",193
"Spinoza, Benedict",193
"Tedeschi, Marco",193
"Ewald, H.",194
"Formiggini, Saul",194
"Gesenius, H.",194
"Jost, Isaac M.",194
Kochebe Yitzhac,194
"Luzzatto, Philoxene",194
Autobiography,194
"Zunz, Leopold",194
"Euchel, Isaac: Life of Mendelssohn",196
Characters and Manners,196
"Levy, Rabbi (of Trieste)",196
"Lolli, Ehud",196
"Lolli, S. V.",196
Autobiography,196
"Reggio, Isaac Samuel",196
Autobiography,197
North American Review,197
"Porto, Rabbi Moses Cohen",197
"Tedeschi, Rabbi Mario",197
Torah Nidreshet,197
"Adler, Dr. Nathan M. (Chief Rabbi of Great Britain)",198
"Eliot, George: Daniel Deronda",198
"Mendelssohn, Moses",198
"Public Ledger, The",198
"Bacon, Francis",199
"Luzzatto, Dr. Isaiah",199
Autobiography,199
"Mainster, Abram (of Robigo)",199
"Proudhon, Pierre Joseph",199
Torah Nidreshet,199
"Lolli, Judah",200
"Lolli, S. V.",200
"Luzzatto, Dr. Isaiah",200
Autobiography,200
"Morpurgo, J. L.",200
"Morpurgo, J. L.",200
"Pincherle, S. L.",200
"Busch, Isidore",201
"Luzzatto, Dr. Isaiah",201
Autobiography,201
"Reggio, Isaac Samuel",201
"Tedeschi (of Trieste), Moses",201
"Boston Index, The",202
"Formiggini, Saul",203
"Luzzatto, Philoxene",203
Autobiography,203
"Reggio, Abraham",203
"Reggio, Isaac Samuel",203
"Segre, Bella Bathsheba",203
"Torre (of Luneo), Lelllio Della",203
"Trieste, Gabriel",203
"Benvenisti, Dr. Nathan",204
Dukes family,204
"Formiggini, Saul",204
"Francis I, King",204
Nachgelassene Schriften,204
Urschrift,204
Kircheim,204
"Kirkovitch, Abraham",204
"Lattes, E. Aaron (Chief Rabbi of Venice)",204
"Luzzatto, Philoxene",204
Autobiography,204
"Rapoport, S.L.",204
"Torre (of Luneo), Lelllio Della",204
"Trieste, Gabriel",204
"Zunz, Leopold",204
"Sunday Dispatch, The",205
Sunday Question,205
Juedische Zeitschrift,206
"Luzzatto, Philoxene",206
Ohev Ger,206
Ohev Ger,207
"Berlin, Isaiah (of Breslau)",208
"Etheridge, J. W.: Pentateuchal Targumim",208
"Hurt, Abraham",208
"Jeitelles, Judah",208
Ohev Ger,208
"Randegger, Mayer",208
"Saraval, Rabbi U. V.",208
Ohev Ger,209
Ohev Ger,210
"Simon, Richard",210
Chrestomathy,211
Ohev Ger,211
"Leeser, Rev I.",212
"Luzzatto, Joseph",212
Ohev Ger,212
"Artom, Isaac",213
Ohev Ger,213
"Mazzini, Joseph",213
"Mortara, Edgar",213
Pious IX,213
Victor Emmanuel II (King of Italy),213
Alliance IsraA?lite Universelle,214
Camondo,214
"Cremieux, Isaac Adolphe",214
"Hirsch, Moses de",214
Ohev Ger,214
"Modigiliani, Dr. Angelo",214
"Piperno, Abraham Benedict",214
"Veneziani, Emanuel",214
"Isaacs, S. Meyer Rev",215
Jewish Messenger,215
"Montefiore, Moses",215
Hebrew Union College (Cincinnati),216
"Aufrecht, Mr.",217
"Cincinnati (""Queen City"")",217
"Eppinger, W.",217
"Epstein, Dr.",217
"Goldammer, Dr.",217
"Hess, Mr.",217
"Kutner, Rabbi",217
"Lilienthal, Dr. M.",217
"Loewenberg, Cantor W.",217
"Orphan Asylum, Cleveland",217
"Touro, Judah",217
"Wise, I. M.",217
"Wolfenstein, Dr.",217
Jewish Messenger,218
"Jewish Press, The",218
Congress of Berlin,219
Pan-Judaic Congress,219
Roumania,219
Sepher Hazzichronot,221
Jewish Messenger,221
Sepher Hazichronot,221
Abudarham,222
Jewish Messenger,222
"Maimonides, Moses",222
"Susan, Issachar ben Mordechai",222
Alliance IsraA?lite Universelle,223
Jewish Messenger,224
Liturgy,224
"Pick, Dr.",224
"Lilienthal, Dr. M.",225
"Luzzatto, Dr. Isaiah",225
Index raison?e des livres de correspondance du feu SD Luzzatto,225
"Cohn, Albert",226
"Frankel, Zecheriah",226
"Geiger, Abraham",226
"Luzzatto, S.D. Prof.",226
Index raison?e des livres de correspondance du feu SD Luzzatto,226
"Ben Salomo, Immanuel",228
"Berliner, Dr. A.",228
"Perreau, Pietro",228
"Rossi, Azariah de",228
"Krochmal, N.",229
"Lebrecht, F.",229
"Luzzatto, S.D. Prof.",229
Index raison?e des livres de correspondance du feu SD Luzzatto,229
"Kaufmann, David",230
"Perreau, Pietro",230
Chinese Exclusion Act,231
Passover,232
Ben-Jacob,233
Corri?re Israelitico (of Trieste),233
"Frankel, Zecheriah",233
"Kaufmann, David",233
"Luzzatto, Dr. Isaiah",233
"Luzzatto, S.D. Prof.",233
"Rapoport, S.L.",233
"Kaufmann, David",234
"Luzzatto, S.D. Prof.",234
Index raison?e des livres de correspondance du feu SD Luzzatto,234
"Tedeschi, Marco",234
Trieste,234
"Zunz, Leopold",234
Cantarini Family,235
"Kaufmann, David",235
"Lasinio, Fausto",235
"Luzzatto, S.D. Prof.",235
"Mortara (Chief Rabbi of Mantua), Marco",235
"Osimo, Leon Rabbi",235
"Osimo, Marco",235
"Perreau, Pietro",235
"Steinschneider, Moritz",235
Alliance IsraA?lite Universelle,237
"Hirsch, Moses de",237
"Hirsch, Samuel",237
"Spinoza, Benedict",237
Corbin,238
Alliance IsraA?lite Universelle,239
"Cohn, Albert",239
"Cohn, Albert",239
Rumoured as Orthodox Chief Rabbi,240
"Goldammer, Dr.",241
Discourse on the Resurrection of the Dead,241
"Rubinstein, Isaac",241
"Wise, I. M.",241
"National Baptist, The",242
Rumoured as Orthodox Chief Rabbi,243
New York Herald,243
"Maimonides, Moses",244
"Rubinstein, Isaac",244
"Wise, I. M.",244
Rosh Hashanah,245
Yom Kippur,246
Rosh Hashanah,247
Succoth,248
Female Beneficial Society,249
Fuel Society,249
"Hart, Abram L.",249
"Lazarus, Henry",249
"Peabody, George",249
"Pesoa, David",249
Sewing Society,249
Society of the United Hebrew Charities of Philadelphia,249
"Lattes, Joseph Rabbi (of Reggio Emilia)",250
"Montefiore, Moses",250
"Carey, Henry C.",251
"Rowland, Rev A. J.",251
"Abraham, Barnet",252
"Jewish Chronicle, The (London)",252
"Piciotto, Moses Hayyim",252
"Reggio, Isaac Samuel",252
"Adler, Abraham",253
"Loeb, Matilde Adler",253
Alatrini,254
Alliance IsraA?lite Universelle,254
Camondo,254
"Cremieux, Isaac Adolphe",254
"Lincoln, Abraham",254
"Mortara, Edgar",254
"Netter, Charles",254
Philadelphia,254
Pious IX,254
Republicanism,254
Roumania,254
Thanksgiving,254
"Veneziani, Emanuel",254
Hanuccah,255
Alliance IsraA?lite Universelle,256
Union of American Hebrew Congregations,256
Alliance IsraA?lite Universelle,257
"Board of Deputies, British",257
"Cremieux, Isaac Adolphe",257
Loewe,257
"Montefiore, Moses",257
"Munk, S.",257
"Piperno, Abraham Benedict",257
"Sunday Dispatch, The",257
Alliance IsraA?lite Universelle,258
"Cremieux, Isaac Adolphe",258
"Armhold, W.",259
"Bernstein, A.",259
"Elkin, Dr. M.",259
"Frankel, Jacob",259
"Jacobs, George (Rev.)",259
"Ruzanowsky, N.",259
"Cremieux, Isaac Adolphe",260
"Mortara, Edgar",261
Roumania,261
Russia,261
Victor Emmanuel II (King of Italy),261
"Cogalniceano, Minister",262
Cortes,262
"Cremieux, Isaac Adolphe",262
Foltischeni (Moldavia),262
Fould,262
Franck,262
Halevy,262
"Lafayette, General de",262
Roumania,262
Russia,262
Industrial School,263
"Jewish Foster Home Society, Philadelphia",263
"Jewish Foster Home and Orphan Asylum, Philadelphia",263
Cremation,264
"Gottheil, [Gustav] Dr.",264
"Hahn, Dr. Aaron (of Cleveland)",264
"Huebsch, Dr.",264
"Nicolai, Dr.",264
"Wise, I. M.",264
"Castel-Bolognesi, Angelo",265
Historical Memoirs of the Hebrew Community of Ferrara,265
"Lampronti, Isaac",265
"Levi, Benedict (Chief Rabbi of Ferrar)",265
"Melli, Chief Rabbi",265
"Perreau, Pietro",265
"Pesaro, Abram",265
"Zunz, Leopold",265
"Maimonides, Moses",266
Charles III (King of Spain),267
Judaism in Sicily,267
"Storia degli Ebrei in Sicilia pel Dottor L. Zunz, tradotta dal tedesco da Pietro Perreau",267
"Zunz, Leopold",267
Zur Geschichte und Literatur,267
Divrei Shir,268
"Lampronti, Isaac",268
Lebanon,268
"Leir, Benedict (Chief Rabbi of Ferrara)",268
Padua rabbinical college,268
"Rossi, Azariah de",268
Pentecost,269
Almansi,270
Bikkurei Ha-Ittim,270
"Cohn, Albert",270
Gessner,270
Kinor Nangim,270
Lessing,270
"Luzzatto, S.D. Prof.",270
"Maimonides, Moses",270
Menzini,270
"Morpurgo, Rachel",270
"Munk, S.",270
"Pontremoli, Prof. Ezra (of Vercelli)",270
"Rapoport, S.L.",270
"Reggio, Isaac Samuel",270
"Riesser, Gabriel",270
"Sachs, Michael",270
"Schmid, Anton",270
"Torre (of Luneo), Lelllio Della",270
"Zunz, Leopold",270
Brill,271
"Mendelssohn, Moses",271
"Philippson (of Baltimore), David",271
"Tedeschi (of Trieste), Moses",271
"Torre (of Luneo), Lelllio Della",271
Agricultural Schools,272
Alliance IsraA?lite Universelle,272
Ninth of Ab,272
"France, Central Consistory of",273
"Isidor, Rabbi L.",273
"and Ritual ""innovation""",273
Vessillo Israelitico,273
Rosh Hashanah,274
Yom Kippur,275
"Bloch, S.: La Foi d?Israel",276
Succoth,276
"Cincinnati (""Queen City"")",277
Hanuccah,277
"Hebrew Review, The",277
"Lilienthal, Dr. M.",277
"Mendelssohn, Moses",277
Synod (proposed),277
Alliance IsraA?lite Universelle,278
Bamberger,278
"Bismark, Otto von",278
"Lasker, E.",278
Melikoff,278
"Stoecker, Adolph",278
"Treitschke, Prof. Heinrich von",278
"Veneziani, Emanuel",278
"Wessely, Hertz",278
"Graetz, Dr. Heinrich",279
"Hahn, Dr. Aaron (of Cleveland)",279
Anti-Semitic League,280
"Buchanan, James",280
"Gesenius, H.",280
Day of Atonement (painting),280
"Sunday Dispatch, The",280
"Hebrew Review, The",281
"Kohler, Kaufmann",281
"Hebrew Review, The",282
"Kohler, Kaufmann",282
"Frankel, Zecheriah",283
"Hebrew Review, The",283
"Kohler, Kaufmann",283
"Reform Judaism, (also ""Neology""/""Gentilism"")",283
"Adler, Dr. Nathan M. (Chief Rabbi of Great Britain)",284
Alliance IsraA?lite Universelle,284
"Mortara, Edgar",284
Young Men?s Hebrew Association,284
"Adler (of Chicago), L.a",285
Alliance IsraA?lite Universelle,285
"Geiger, Abraham",285
"Hebrew Review, The",285
"Jost, Isaac M.",285
"Kohler, Kaufmann",285
Alliance IsraA?lite Universelle,286
Purim,286
"Cohn, Albert",287
"Schmid, Anton",287
"Tedeschi, Marco",287
"Cohn, Albert",288
"Graetz, Dr. Heinrich",288
Herzfeld,288
"Jost, Isaac M.",288
"Mendelssohn, Dorothea",288
"Mendelssohn, Henrietta",288
"Racah, Prof. Leon",288
"Schlegel, Frederick",288
"Spinoza, Benedict",288
"Zunz, Leopold",288
"Mortara (Chief Rabbi of Mantua), Marco",290
Shavuot,290
"Allen, Anna",291
"Bomeisler, L.",291
Cherry Street,291
Female Benevolent Association,291
"Florance, Hannah",291
"Gratz, Rebecca",291
"Hart, Louisa B.",291
"Hart, Rebecca C.",291
"Jewish Foster Home and Orphan Asylum, Philadelphia",291
Pentecost,291
United Hebrew Charities,291
"Gratz, Rebecca",292
Jewish Women,292
"Levi, Benedict (Chief Rabbi of Ferrar)",292
"Pesaro, Abram",292
"Servi, Rabbi F.",292
"Garfield, James Abram",293
"Sunday Dispatch, The",293
Vessillo Israelitico,293
Anti-Semitism,294
Ha-Maggid,294
L?Univers Isra?lite,294
Ninth of Ab,294
"Wogue, Rabbi",294
Zionism,294
"Bloch & Co., Messrs (Publishers)",295
"Landsberg, Dr. Max (of Rochester, N. Y.)",295
"Reform Judaism, (also ""Neology""/""Gentilism"")",295
Castner Old Rome and New Italy,296
"Garfield, James Abram",297
"Sunday Dispatch, The",297
"Garfield, James Abram",298
"Pennsylvania, Governor of",299
Rosh Hashanah,299
Yom Kippur,300
American Hebrew,301
Rosh Hashanah,301
Succoth,302
Anti-Semitism,303
Kiev,303
Rosh Hashanah,303
Alliance IsraA?lite Universelle,304
Charity,304
Elizabethgrad,304
"Isaacs, S. Meyer Rev",304
United Hebrew Charities,304
Yom Kippur,304
Mikveh Israel,305
"Sulzberger, Leopold",305
American Hebrew,306
"Sulzberger, Leopold",306
"Beer, Bernard",307
"Kalisch, Dr. Isidor",307
Philosophy and Philosophical Authors of the Jews,307
Alliance IsraA?lite Universelle,308
"Faustmann, Bernhardt H.",308
Hanuccah,308
"Kaufmann, Jacob",308
"Fox, George",309
"Macaulay, Thomas B.",309
"Newman, Dr. J. P.",309
"Penn, William",309
Bicentennial,309
Philadelphia,309
City of Homes,309
Quakers,309
"Sunday Dispatch, The",309
"Blumenthal, Dr. Mark",310
Keneseth Israel,310
"Deutsch, Dr.",310
"Isaacs, S. Meyer Rev",310
Jewish Messenger,310
"Leeser, Rev I.",310
"Luzzatto, S.D. Prof.",310
"Vidaver, Dr. Henry",310
"Luzzatto, S.D. Prof.",311
Padua rabbinical college,311
"Tedeschi (of Trieste), Moses",311
Hoeel Moshe,311
"Zelman, Samuel V.",311
Saggio del Rabbino Marco Mortara,311
Shir Yedidoth,311
Zaakath Sheber,311
Alliance IsraA?lite Universelle,312
Russian Jews,312
"1881-1882, responses to",312
American Hebrew,313
"Drexel, A. J.",313
"Ewald, H.",313
Hitzig,313
"Kuenen, Abraham",313
"Smith, Willaim Robertson",313
"Wellhausen, Julius",313
Young Men?s Hebrew Association,313
Purim,314
Russian Jews,314
"1881-1882, responses to",314
Old Testament in the Jewish Church,314
"Muhr, Simon",315
Fornakari:,316
Passover,316
Ritual Murder Charge,316
Alexandria,317
Scribner?s Magazine,317
"Adler, Herman",318
Russian Jews,318
"Graeber, Eisig (of Przemysl)",319
"Luzzatto, S.D. Prof.",319
Emigrant Aid Society of New York,320
"Sternberg, Mr.",320
"Vineland Colony, N.J.",320
"Ignatieff, Count Nikolai Pavlovich",321
Ninth of Ab,321
Antologica Israelitica (of Corfu),322
"Ascoli, Graziadio",322
"Benedetti, Salvatore de",322
"Congress of Orientalists, Florence",322
"Oppert, Jules",322
"Perreau, Pietro",322
"Weil, Gustav",322
"Graeber, Eisig (of Przemysl)",323
"Luzzatto, S.D. Prof.",323
Hebrew Emigrant Society,324
Rosh Hashanah,324
"Berliner, Dr. A.",325
Year Book for the Diffusion of an Accurate Knowledge of ancient and Modern Palestine,325
Yom Kippur,326
Succoth,327
Ferarra,328
"Pesaro, Abram",328
Vessillo Israelitico,328
"Rothschild, Bertha (a.k.a. Maria) de",329
"Rothschild, Charles de",329
"Macaulay, Thomas B.",330
"Penn, William",330
Bicentennial,330
"Sunday Dispatch, The",330
"Bancroft, George",331
"Press, The",331
Thanksgiving,332
American Hebrew,333
Industrial Education,333
"Jewish Foster Home and Orphan Asylum, Philadelphia",333
Antologica Israelitica (of Corfu),334
Ha-Oheb,334
L?Univers Isra?lite,334
Vessillo Israelitico,334
Alliance IsraA?lite Universelle,335
"Lazarus, Emma",335
The Jewish Problem,335
American Hebrew,336
"Luzzatto, S.D. Prof.",336
"Spinoza, Benedict",336
American Hebrew,337
"Mendelssohn, Moses",337
"Sonnenschein (of Temple Israel, St. Louis), S. H.",337
"Spinoza, Benedict",337
Spinozism,337
"Stewart, Dugald",337
"Torre (of Luneo), Lelllio Della",337
Biography of Mendelsohn,337
Alliance IsraA?lite Universelle,338
"Herder, J. G.",339
Lessing,339
"Mendelssohn, Moses",339
"Muhr, Simon",339
Spinozism,339
"Ben Sangadun, Jacob",340
"Carvalho, Emanuel Nunes",340
"Cohen, Abraham Hyman",340
"Cohen, Hartwig",340
"Cohen, Jacob Raphael",340
Cohens,340
Gratz family,340
"Keys, Abraham Israel",340
"Leeser, Rev I.",340
"Maraches, The",340
"Markses, The",340
Mikveh Israel,340
"Peixotto, Rev. Moses Levy Maduro",340
"Philipses, The",340
"Sangadun, Jacob ben",340
"Seixas, Gershom Mendes",340
"Jessel, George",341
"Levy, Nathan",341
"Bonaparte, Napoleon",342
"Hirsch, Samuel",342
Pentecost,343
"Hirsch, Samuel",344
American Jewish Advocate,345
"Ascoli, Raphael",345
"Leeser, Rev I.",345
"Luzzatto, S.D. Prof.",345
"Occident, The",345
"Aguilar, Emanuel: The Ancient Melodies of the Spanish and Portuguese Jews",346
"Leghorn, Chief Rabbi of",346
"Luzzatto, Moses Hayyim",346
"Modigiliani, Dr. Angelo",346
"Piperno, Abraham Benedict",346
"Sola, Rev. David Aaron de",346
"Castellar: Castelli, David",347
"Lampronti, Isaac",347
Leghorn,347
Mekizei Nirdamim,347
"Piperno, Abraham Benedict",347
Zechor Le Avraham,347
Pachad Yitschak,348
"Perreau, Pietro",348
American Hebrew,349
Hebrew Union College (Cincinnati),349
Spanish and Portuguese synagogue in Leghorn and Amsterdam,351
"Daly, Charles P.",351
"Orphan Asylum, New York",351
"Schurz, Carl",351
"Kohler, Kaufmann",352
"Singer, Abram",352
HaMadrich Al Bamothe Yam Ha-Talmud,352
"Szold, Benjamin",352
Essay on the Civil Disabilities of the Jews in England,353
Russian Jews,353
"Piperno, Abraham Benedict",354
"Francis Joseph, Emperor of Austro-Hungary",355
Ninth of Ab,355
Judaism and Christianity: Their Agreements and Disagreements,356
"Lattes, Moses",357
"Levi, Benedict (Chief Rabbi of Ferrar)",357
"Loria, Amos (of Mantua)",357
"Mainster, Abram (of Robigo)",357
Padua rabbinical college,357
Vessillo Israelitico,357
"Wise, I. M.",357
"Disasters, natural & man-made",358
"Graetz, Dr. Heinrich",359
Translation and Criticism of the Psalms,359
The Chronicles of the Prophet,359
The Mind of Michaelangelo,359
Victor Emmanuel II (King of Italy),359
American Hebrew,360
"Coucy, Moses of: Semag (Sefer Mitzvot Gadol)",360
Sabbath School Union,360
Sabbath School Union,361
"Sonnenschein (of Temple Israel, St. Louis), S. H.",361
"Voorsanger, Jacob",361
"Reform Judaism, (also ""Neology""/""Gentilism"")",362
"Montefiore, Moses",363
Tisza Eszlar,363
Yom Kippur,363
American Hebrew,364
Spanish Inquisition,364
"Wise, I. M.",365
"Evening Call, The",367
"Orthodox (also ""Mosaism"")",368
Russian Jews,368
"Wise, I. M.",368
and Dietary Law,369
"Wise, I. M.",369
and Dietary Law,370
"Wise, I. M.",370
"Lasker, Edward",371
Deborah,372
"Hirsch, Samuel",372
"Kohler, Kaufmann",372
and Dietary Law,372
"Wise, I. M.",372
Keneseth Israel,373
"Mendelssohn, Moses",373
"Wise, I. M.",373
"Gesenius, H.",374
"Luzzatto, S.D. Prof.",374
"Wise, I. M.",374
Herodotus,375
"Wise, I. M.",375
Character of,376
"Mendelssohn, Moses",377
"Smith, Goldwin",377
"Wise, I. M.",377
"Wise, I. M.",378
"Nieto, David",379
"Wise, I. M.",379
American Hebrew,380
American Israelite,380
"Basnage, Jacques",380
Channing,380
"Gibbon, Edward",380
Character of,380
"Muller, Max",380
Parker,380
Unitarianism,380
Jerusalem,381
"Wise, I. M.",381
The Trefa Banquet,382
Alliance IsraA?lite Universelle,383
Alliance IsraA?lite Universelle,384
"Muhr, Simon",384
"Wise, I. M.",385
"Wise, I. M.",386
Creating a unified American Rite,387
"Reform Judaism, (also ""Neology""/""Gentilism"")",387
"Wise, I. M.",387
"Wise, I. M.",388
American Hebrew,391
"Mott, James and Lucretia",391
Nuova Antologia Della Prosa Italiana Moderna Colla Traduzione A Fronte,391
Quakers,391
Pentecost,392
American Hebrew,393
Pentecost,393
"Perreau, Pietro",394
"Jacobs, George (Rev.)",395
"Jacobs, George (Rev.)",396
Young Men?s Hebrew Association,396
Passover,397
Succoth,398
Purim,399
"Frazer, Prof.",400
and Cremation,400
"Public Ledger, The",400
Social Science Association,400
"Public Ledger, The",401
Seperation of Church and State,401
Constitution,402
Conference of Rabbis for Jewish Reform,402
Conference of Rabbis for Jewish Reform,403
Yom Kippur,404
Messianic faith,405
"Public Ledger, The",405
"Disasters, natural & man-made",406
"Grant, Ulysses S.",406
"Public Ledger, The",407
and Fasting,408
"Public Ledger, The",408
and Dietary Law,408
Yom Kippur,409
Female Hebrew Benevolent Society,410
"Hart, Mrs.",410
Alliance IsraA?lite Universelle,411
Beth Israel,411
Beth el Emeth,411
"Cremieux, Isaac Adolphe",411
"Mitchell, Mrs.",411
Thanksgiving,411
"McMichael, Morton",412
Mikveh Israel,412
"Adler, Felix",413
Beth Israel,413
Beth el Emeth,413
"Lilienthal, Dr. M.",413
Thanksgiving,413
"Gratz, Rebecca",416
"McMichael, Morton",417
"Board of Hebrew Ministers, Philadelphia",418
"Elkin, Dr. M.",418
Jacobs,418
North American,418
Thanksgiving,419
"Penn, William",420
"Pennsylvania, Governor of",420
"Public Ledger, The",420
Alliance IsraA?lite Universelle,421
Falashas,421
North American Review,421
Young Men?s Hebrew Association,421
"Hallevi, Joseph",422
"Hoyt, Mr.",423
Statue of Religious Liberty,423
"Sternberg, Mr.",424
"Vineland Colony, N.J.",424
"Cohen, Henry",425
"Henry, Mr.",425
"Garfield, James Abram",426
"Jewish Foster Home and Orphan Asylum, Philadelphia",426
"Garfield, James Abram",427
"Alatri, Samuel",428
"Mazzini, Joseph",428
"Nathan, Joseph",428
"Nathan, Sarah Levi",428
"Morais, Nina",429
Bicentennial,430
Thanksgiving,430
and Marriage,431
"Adler, Dr. Nathan M. (Chief Rabbi of Great Britain)",432
"Orthodox (also ""Mosaism"")",432
"Morandes, S. H.",432
"Press, The",432
"Smith, Goldwin",432
"Stern, Dr.",432
Louisa B. Hart Sewing School,433
"VanBeil, Mrs. Emily",433
Alliance IsraA?lite Universelle,434
"Montefiore, Moses",434
Rebecca Gratz School,434
Alliance IsraA?lite Universelle,435
"Dropsie, Moses A.",435
Mikveh Israel,436
Alliance IsraA?lite Universelle,437
"Derenburg, Joseph",437
"Goldschmidt, S. H.",437
"Isidor, Rabbi L.",437
"Lehmann, L.",437
"Leven, N.",437
"Loeb, Isidore M.",437
Russian Jews,437
"Veneziani, Emanuel",437
Mikveh Israel,438
"Rabinowitz, Joel (Cape Town)",438
American Hebrew,439
Mikveh Israel,439
American Hebrew,440
Mikveh Israel,440
Anti-Semitism,441
"Bismark, Otto von",441
"Lasker, Edward",441
"Treitschke, Prof. Heinrich von",441
Yom Kippur Before Metz,441
"Isaacs, Dr. A. S",442
"Isaacs, S. Meyer Rev",442
"Oppenheim, Moritz Daniel",442
Domestic,443
Passover,443
Yom Kippur,445
Domestic,446
"Nicholas, Czar",446
Association Review,447
"Eger, Akiba",447
Elias of Vilna [Elijah / Vilna Gaon],447
"Harkavy, Albert",447
"Hartenstein, Daniel",447
"Lebensohn, A. D.",447
"Letteris, Mayer M.",447
"Mapu, Abraham",447
"Smith, Goldwin",448
"Wise, I. M.",449
May Laws,450
"Guedalla, Hayim",451
Alliance IsraA?lite Universelle,452
Ninth of Ab,452
"Graeber, Eisig (of Przemysl)",453
"Luzzatto, S.D. Prof.",453
Index raison?e des livres de correspondance du feu SD Luzzatto,453
"Rapoport, S.L.",453
"Montefiore, Moses",454
Alliance IsraA?lite Universelle,455
"Hirsch, M. C.",455
"Jones, Alfred",455
"Meyerhoff, M. S.",455
"Montefiore, Moses",455
American Hebrew,456
"Montefiore, Moses",456
"Arnold, Matthew",457
"Disasters, natural & man-made",457
Humbert IV,457
"Lowell, James Russell",457
Pulpit & politics,457
Alliance IsraA?lite Universelle,458
American Hebrew,458
"Guenee, Abbott",458
American Hebrew,459
Deborah,460
Alliance IsraA?lite Universelle,461
American Hebrew,461
American Hebrew,462
Yom Kippur,462
American Hebrew,463
"Occident, The",464
"Occident, The",465
Hebrew Education Society School,466
"Occident, The",466
Keneseth Israel,467
"Jewish Foster Home and Orphan Asylum, Philadelphia",467
"Naumburg, Rev. L.",467
"Occident, The",467
"Occident, The",468
"Piperno, Abraham Benedict",468
"Occident, The",469
"Piperno, Abraham Benedict",469
"Occident, The",470
Proselytes,470
Hebrew Sunday School of Philadelphia,471
"Occident, The",471
"Luzzatto, S.D. Prof.",472
"Occident, The",472
"Luzzatto, S.D. Prof.",473
"Occident, The",473
Hebrew Sunday School of Philadelphia,474
"Occident, The",474
History of the Hebrew Second Commonwealth,474
"Maimonides, Moses",475
"Occident, The",475
"Rapoport, S.L.",475
"Occident, The",476
Talmud,476
"Occident, The",477
"Rapoport, S.L.",477
"Occident, The",478
"Rapoport, S.L.",478
Falashas,479
"Smith, Willaim Robertson",479
Falashas,480
"Luzzatto, S.D. Prof.",480
"Smith, Willaim Robertson",480
Falashas,481
"Smith, Willaim Robertson",481
Falashas,482
"Smith, Willaim Robertson",482
Falashas,483
Falashas,484
Falashas,485
"Wise, I. M.",486
"Cohen, Emanuel (of Scranton)",487
Young Men?s Hebrew Association,487
"Cohen, Emanuel (of Scranton)",489
Nathan the Wise,489
Ingersoll,490
"Muller, Max",490
Young Men?s Hebrew Association,490
"Smith, Willaim Robertson",491
"Watts (of Belfast), Prof.",491
Young Men?s Hebrew Association,491
"Smith, Willaim Robertson",492
"Smith, Willaim Robertson",493
"Smith, Willaim Robertson",494
"Smith, Willaim Robertson",495
Hebrew Charitable Fund,496
"Jewish Foster Home Society, Philadelphia",497
"Jewish Foster Home Society, Philadelphia",498
"Jewish Foster Home Society, Philadelphia",499
"Jewish Hospital and Home of the Aged, Philadelphia",500
Hebrew Sunday School of Philadelphia,501
"Jastrow, Marcus",502
"Mott, Lucretia",503
"Graetz, Dr. Heinrich",504
"Moss, E. L.",504
"Neubauer, A.",504
"Moss, Lucien Herbert",506
"Moss, Joseph L.",507
"Hart, Louisa B.",508
"Hart, Rebecca C.",510
"Moss, Lucien Herbert",511
"Smith, Willaim Robertson",511
"Hart, Bluma",512
"Disasters, natural & man-made",513
Alliance IsraA?lite Universelle,514
Alliance IsraA?lite Universelle,515
Sherif of London,515
"Wilberforce, William",515
Alliance IsraA?lite Universelle,516
Liquor dens,517
Washington Monument,517
Alliance IsraA?lite Universelle,518
Purim,518
Alliance IsraA?lite Universelle,519
American Hebrew,519
Minister?s Conference,519
Alliance IsraA?lite Universelle,520
American Hebrew,520
"Benamozegh, Elias (of Leghorn)",520
"Berliner, Dr. A.",520
"Cohn, Albert",520
"Cremieux, Isaac Adolphe",520
"Graetz, Dr. Heinrich",520
"Hirsch, Moses de",520
Jewish Ministers Association,520
"Mendelssohn, Moses",520
"Munk, S.",520
"Wessely, Hertz",520
Hebrew Literary Society,522
Rashi,522
"Schiller-Szinessy, S. M.",522
Hebrew Literary Society,523
"Kimchi, David",523
"Kimchi, David",524
"Hirsch, Samuel",525
Hebrew Literary Society,526
"Ibn Tibbon, Samuel",526
American Hebrew,527
"Kohler, Kaufmann",527
American Hebrew,528
"Kohler, Kaufmann",528
American Hebrew,529
"Colenso, John William",529
"Kohler, Kaufmann",529
"Kuenen, Abraham",529
"Oort, H.",529
Old Testament in the Jewish Church,529
American Hebrew,530
"Kohler, Kaufmann",530
"Reform Judaism, (also ""Neology""/""Gentilism"")",530
American Hebrew,531
"Kohler, Kaufmann",531
American Hebrew,532
"Kohler, Kaufmann",532
"Montefiore, Moses",534
Capital punishment,535
"Montefiore, Moses",535
"Finzi, Mrs. Judith",536
"Hart, Abraham",537
"Neuhouse, Delia Rowland",538
"Rothschild, Esther",539
Jewish Messenger,540
Encyclopedia,540
Jewish Messenger,541
"Perreau, Pietro",541
"Zunz, Leopold",541
Jewish Messenger,542
"Perreau, Pietro",542
"Zunz, Leopold",542
"Grant, Ulysses S.",543
"Mendes, A. P.",545
"Montefiore, Moses",545
Rosh Hashanah,546
Yom Kippur,547
Public school,548
American Hebrew,549
"Caro, Victor",549
"Chumaceiro, J.",549
"Frankel, I.",549
Hebrew Ministers of Philadelphia,549
"Reich, Rev. Leo",549
Roman ghetto,549
Pittsburgh Convention,550
"Reform Judaism, (also ""Neology""/""Gentilism"")",550
American Hebrew,551
Pittsburgh Convention,551
"Hendricks, Thomas A.",552
"Benedetti, Salvatore de",553
Pittsburgh Convention,553
"Reform Judaism, (also ""Neology""/""Gentilism"")",553
American Jews? Annual,554
Chinese Exclusion Act,555
Spanish and Portuguese synagogue in New York (Shearith Israel),556
Antologica Israelitica (of Corfu),557
"Keiley, Ambassador",558
Hebrew Literary Association,560
Milchamoth Chobah,560
"Mendelssohn, Moses",561
"Adret, Solomon ben Abraham",562
Hebrew Literary Association,562
Spanish and Portuguese synagogue in New York (Shearith Israel),563
Jewish Theological Seminary,563
Gersonides,564
Hebrew Literary Association,564
"Lambroso, G.",565
Leghorn,565
Vessillo Israelitico,565
Jewish Theological Seminary,566
Jewish Theological Seminary,567
American Hebrew,568
Jewish Theological Seminary,568
Jewish Theological Seminary,569
"Graeber, Eisig (of Przemysl)",570
Society for the Prevention of Cruelty to Animals,570
"Albo, Joseph",571
"Crescas, Hasdai",571
Hebrew Literary Association,571
Jewish Theological Seminary,572
Creating a unified American Rite,572
Society for the Prevention of Cruelty to Animals,573
"Abarbanel, Isaac ben Judah",574
Jewish Theological Seminary,575
Philadelphia,575
Public schools,575
Public school,575
Passover,576
Russian Jews,576
"Milligan, Rev. J. C. K.",577
Jewish Theological Seminary,578
"Humboldt, Alexander von",579
Italian Jewry,579
"Mortara (Chief Rabbi of Mantua), Marco",579
"Tedeschi (of Trieste), Moses",579
Vessillo Israelitico,579
Boston,580
Boston Evening Traveller,580
American Hebrew,581
Italian Jewish Liturgy,581
"Luzzatto, S.D. Prof.",581
Union League (of Philadelphia),581
"Wilburn, Cora",581
American Hebrew,582
"Benedetti, Salvatore de",582
"Buber, Salomon (of Lemberg)",583
"Ehrenreich, Moses Leve (of Rome)",583
"Graeber, Eisig (of Przemysl)",583
Halberstam (of Bielitz),583
"Szold, Benjamin",583
"Tedeschi (of Trieste), Moses",583
"Public Ledger, The",585
Thanksgiving,585
"Arthur, Chester A.",586
"Zunz, Leopold",587
American Hebrew,588
Jewish Theological Seminary,588
American Hebrew,589
Rodeph Shalom,589
"Frankel, Jacob",589
"Jastrow, Marcus",589
American Hebrew,590
"Bonfili, Baron Treves de",590
"Ehrenreich, Moses Leve (of Rome)",590
"Luzzatto, S.D. Prof.",590
"Mortara (Chief Rabbi of Mantua), Marco",590
Padua rabbinical college,590
"Reggio, Isaac Samuel",590
"Sorani (Chief Rabbi of Cuneo), Moses",590
"Torre (of Luneo), Lelllio Della",590
Vessillo Israelitico,590
"Peirce, Judge William S.",591
Boston Evening Traveller,592
"Marcus, Mrs. Kate",592
"Briggs, Charles A.",593
"Cheyne, T. K.",593
"Gottheil, Richard",593
"Harper, Robert F.",593
"Harper, William R.",593
Jewish Exponent (Philadelphia),593
"Nordell, Philip A.",593
"O?Connor, J. F. X.",593
"Adler (of New York), S.",594
"Guttman, Dr. A. (of Syracuse)",594
Jewish Exponent (Philadelphia),594
Jewish Ministers Association,594
"Kohut, Dr. Alexander",594
"Landsberg, Dr. Max (of Rochester, N. Y.)",594
"Lasker, Rev. (of Boston)",594
"Stern (of Washington), Rev.",594
Jewish Exponent (Philadelphia),595
Jewish Exponent (Philadelphia),596
"Sonnenschein (of Temple Israel, St. Louis), S. H.",596
Jewish Exponent (Philadelphia),597
"Loeb, Isidore M.",597
Alliance IsraA?lite Universelle,598
Ha-Maggid,598
Jewish Exponent (Philadelphia),598
"Lapuya, Isaac Lopez",598
"Loeb, Isidore M.",598
Spain and the Jews,598
Jewish Exponent (Philadelphia),599
Meldola,599
"Nieto, David",599
"Sasportas, Jacob",599
"Victoria, Queen",599
"Jellinek, Dr. Adolph",600
Jewish Exponent (Philadelphia),600
Neuzeit (of Vienna),600
Vessillo Israelitico,600
American Hebrew,601
"Drachman, Dr. Bernhard",601
Jewish Women,601
"Kohut, Dr. Alexander",601
"Pereira, Mendes",601
"Sola, Mendes de",601
Corri?re Israelitico (of Trieste),602
History of the Jews of England in the Eleventh and Twelfth Centuries,602
Jewish Exponent (Philadelphia),602
"Perreau, Pietro",602
Jewish Exponent (Philadelphia),603
"Luzzatto, S.D. Prof.",603
"Reggio, Isaac Samuel",603
Antologica Israelitica (of Corfu),604
"Ascarelli, Deborah",604
Goldschmidt,604
"Graeber, Eisig (of Przemysl)",604
Jewish Exponent (Philadelphia),604
Jewish Theological Seminary,604
Jewish Women,604
"Levi, G. E. (of Corfu)",604
"Morpurgo, Rachel",604
"Tedeschi (of Trieste), Moses",604
Hoeel Moshe,604
"Wohelener, Jette",604
American Hebrew,605
Jewish Theological Seminary,605
"Wellhausen, Julius",605
Corri?re di Roma,606
"Ezekial, Moses",606
Jewish Exponent (Philadelphia),606
"Lara, Countess",606
"Tunstall, Nannie",606
"Adler, Cyrus",607
"Craig, James A.",607
"Crane, Oliver Turnball",607
"Derenburg, Joseph",607
"Felsenthal, Bernhard (Rabbi)",607
"Gottheil, Richard",607
"Harper, Robert F.",607
Jewish Exponent (Philadelphia),607
"Smith, Henry Preserved",607
"Woods, Rev. F. H.",607
Neim Zemiroth Shmuel,607
American Hebrew,608
Jewish Theological Seminary,608
Creating a unified American Rite,608
Land Tenure,608
"Leeser, Rev I.",608
"Minhag (Rite), Sephardic",608
L.L.D. conferred,608
L.L.D. conferred,609
"Public Ledger, The",609
L.L.D. conferred,610
"Public Ledger, The",610
"Adler, Cyrus",611
American Israelite,611
L.L.D. conferred,611
L.L.D. conferred,612
L.L.D. conferred,614
Jewish Exponent (Philadelphia),615
L.L.D. conferred,615
Protestant Theological Faculty of Paris,615
Jewish Exponent (Philadelphia),616
L.L.D. conferred,616
"Jewish Chronicle, The (London)",617
Jewish Exponent (Philadelphia),617
L.L.D. conferred,617
L.L.D. conferred,618
Union League (of Philadelphia),618
"Wilburn, Cora",619
L.L.D. conferred,620
American Hebrew,621
"Einhorn, Dr.",621
"Kohler, Kaufmann",621
"Kuenen, Abraham",621
"Mendes, H. Pereira",621
"Solis-Cohen, D.",621
"Wellhausen, Julius",621
"Disasters, natural & man-made",622
"Public Ledger, The",622
Yom Kippur,622
"Baum, Esther",623
Jewish Exponent (Philadelphia),623
Yom Kippur,623
American Hebrew,624
"Moses Montefiore, New York",624
Talmudic Dictionary,625
Republicanism,625
"Sunday Dispatch, The",625
Jewish Exponent (Philadelphia),626
Phaedon,626
Jewish Exponent (Philadelphia),627
Jewish Exponent (Philadelphia),628
Passover,628
"Brewster, Benjamin Harris",629
Jewish Exponent (Philadelphia),629
Passover,629
"Moses Montefiore, New York",630
"Guedalia, Moses",630
Jewish Exponent (Philadelphia),630
"Marcus, Alfred A.",630
"Mendes, H. Pereira",630
"Montefiore, Moses",630
"Osorio, Isidore",630
"Piza, D. M.",630
Jewish Exponent (Philadelphia),631
"Kaas, Catherine",631
Jewish Exponent (Philadelphia),632
Shavuot,632
Jewish Exponent (Philadelphia),633
"Heilprin, Heilprin",634
"Hirsch, Moses de",634
Jewish Exponent (Philadelphia),634
"Kossuth, Louis",634
"Mazzini, Joseph",634
"Seward, Mr.",634
"Sherman, General William T.",634
"Veneziani, Emanuel",634
Jewish Exponent (Philadelphia),635
"Bergh, Henry",636
Jewish Exponent (Philadelphia),636
Frederick III of Prussia,637
"Public Ledger, The",637
"Adler, Cyrus",638
Cooper Union,638
"Drachman, Dr. Bernhard",638
Jewish Exponent (Philadelphia),638
Jewish Theological Seminary,638
Adonai,639
Jahweh,639
Jewish Exponent (Philadelphia),639
"Renan, Ernest",639
Cafarel-Wilson,640
Credit-Mobilier,640
"Crispi, Francesco",640
Igel of Lemberg,640
Jewish Exponent (Philadelphia),640
"Jewish Foster Home and Orphan Asylum, Philadelphia",640
Penal Reform,640
Thanksgiving,640
American Hebrew,641
"Ehrenreich, Moses Leve (of Rome)",641
Jewish Theological Seminary,641
"Luzzatto, S.D. Prof.",641
"Mortara (Chief Rabbi of Mantua), Marco",641
"Torre (of Luneo), Lelllio Della",641
"Wise, I. M.",641
American Hebrew,642
Chiarini,643
"Childs, George W.",643
Equestrian statues,643
"Meade, General",643
"Public Ledger, The",643
Jewish Exponent (Philadelphia),644
American Hebrew,645
"Lazarus, Emma",645
American Hebrew,646
"Lazarus, Emma",646
"Allen, Anna",647
Female Hebrew Benevolent Society,647
Jewish Exponent (Philadelphia),647
Hanuccah,648
Jewish Exponent (Philadelphia),648
Alliance IsraA?lite Universelle,649
Jewish Exponent (Philadelphia),649
Purim,649
Jewish Exponent (Philadelphia),650
"George, Henry",651
Jewish Exponent (Philadelphia),651
"Cassell, David",652
"Edelman, S. R.",652
"Epstein, Dr.",652
"Graetz, Dr. Heinrich",652
Ha-Kerem,652
Ha-Melitz,652
Jewish Exponent (Philadelphia),652
"Kaufmann, David",652
"Rodner, David",652
"Rosenfeld, S.",652
Female Hebrew Benevolent Society,653
"Jewish Foster Home and Orphan Asylum, Philadelphia",653
"Raphall, Morris J. Dr.",653
Hebrew Sunday School of Philadelphia,654
Jewish Exponent (Philadelphia),654
"Azulai, H. J. D.",655
Jewish Exponent (Philadelphia),655
"Ottolenghi, Moses",655
"Piperno, Abraham Benedict",655
Young Women?s Union,656
Jewish Exponent (Philadelphia),657
"Die j?dischen Frauen in der Geschichte, Literatur und Kunst",657
"Meisels, I. S.",657
"Perreau, Pietro",657
Jewish Exponent (Philadelphia),658
"Stapfer, Edmond",658
Jewish Exponent (Philadelphia),659
"Jewish Orphan Asylum at Cleveland, Ohio",659
"Peixotto, B. F.",659
Jewish Exponent (Philadelphia),660
Jewish Exponent (Philadelphia),661
Alliance IsraA?lite Universelle,662
Anglo-Jewish Association,662
Jewish Exponent (Philadelphia),662
Ninth of Ab,662
"Ibn Ezra, Abraham",663
Jewish Exponent (Philadelphia),663
Jerusalem,663
Society to Prevent Children from Cruelty,663
American Hebrew,664
"Drachman, Dr. Bernhard",664
Jewish Theological Seminary,664
"Lazarus, Emma",664
"and Ritual ""innovation""",664
Leo XIII,665
"Leone, Salomon",665
Jewish Exponent (Philadelphia),666
"Sheridan, General",666
"Jacobs, Henry S.",667
Jewish Exponent (Philadelphia),667
Aruch Completum,668
Jewish Exponent (Philadelphia),668
"Kohut, Dr. Alexander",668
Jewish Exponent (Philadelphia),669
Jewish Theological Seminary,669
"Eichholz, Adolph",670
Hebrew Literary Society,670
Jewish Exponent (Philadelphia),670
"Philippson (of Baltimore), David",670
"Rodriguez, Donna Mayor",670
"Spencer, Herbert",670
Young Men?s Hebrew Association,670
Jewish Exponent (Philadelphia),671
Rosh Hashanah,671
Jewish Exponent (Philadelphia),672
Yom Kippur,672
Jewish Exponent (Philadelphia),673
Purim,673
Alliance IsraA?lite Universelle,674
"Cremieux, Isaac Adolphe",674
Jewish Exponent (Philadelphia),674
Hebrew Literary Society,675
"Hoffman, Charles",675
"Hoffman, David",675
Jewish Exponent (Philadelphia),675
"Lederer, Ephraim",675
"Weil, Jacob",675
American Hebrew,676
"Hirsch, Moses de",676
Marranos of Hamburg,676
"Veneziani, Emanuel",676
Ha-Maggid,677
"Hirsch, D. Gordon",677
"Hirsch, Moses de",677
"Mendes, H. Pereira",677
"Racah, Prof. Leon",677
"Veneziani, Emanuel",677
"Hirsch, Moses de",678
"Sunday Dispatch, The",678
"Veneziani, Emanuel",678
"Hirsch, Moses de",679
"Public Ledger, The",679
"Veneziani, Emanuel",679
Alliance IsraA?lite Universelle,680
"Hirsch, Moses de",680
Jewish Exponent (Philadelphia),680
"Montefiore, Moses",680
"Veneziani, Emanuel",680
Alatrini,681
"Benedetti, Salvatore de",681
"Fiorentino, Abram & Samuel",681
"Heilprin, Heilprin",681
"Hirsch, Moses de",681
"Montefiore, Moses",681
"Morais, Henry S.",681
"Public Ledger, The",681
"Veneziani, Emanuel",681
"Veneziani, Victor",681
Alliance IsraA?lite Universelle,682
Corri?re Israelitico (of Trieste),682
"Hirsch, Moses de",682
Jewish Exponent (Philadelphia),682
"Racah, Prof. Leon",682
Corri?re Israelitico (of Trieste),683
"Ibn Ganach, Jonah",683
Jewish Exponent (Philadelphia),683
"Perreau, Pietro",683
Jewish Exponent (Philadelphia),684
Purim,684
"Bohne, Johanna von",685
Jewish Exponent (Philadelphia),685
Le France Juive,685
Home for Aged and Infirm Israelites,686
Jewish Exponent (Philadelphia),687
"and Ritual ""innovation""",687
"Arthur, Chester A.",688
Jewish Exponent (Philadelphia),688
London Times,688
Pigott,688
Webster,688
Jewish Exponent (Philadelphia),689
"Murrell, Captain Hamilton",689
"Washington, George",689
Jewish Exponent (Philadelphia),690
Carmel Colony,691
Jewish Exponent (Philadelphia),691
"Vineland Colony, N.J.",691
Jewish Exponent (Philadelphia),692
Menorah Monthly,693
Hebrew,694
Menorah Monthly,694
"Sonnenschein (of Temple Israel, St. Louis), S. H.",694
Hebrew,695
Hebrew Literary Society,695
Menorah Monthly,695
Hebrew,696
Menorah Monthly,696
"Benamozegh, Elias (of Leghorn)",697
"Castellar: Castelli, David",697
"Graetz, Dr. Heinrich",697
"Steinschneider, Moritz",697
American Hebrew,698
Creating a unified American Rite,698
Jewish Exponent (Philadelphia),699
Torres,699
American Hebrew,700
"Leeser, Rev I.",700
"and Ritual ""innovation""",700
"Wise, I. M.",700
"Alatri, Samuel",701
"Benamozegh, Elias (of Leghorn)",701
"Cohn, Albert",701
"Mazzini, Joseph",701
Menorah Monthly,701
"Metternich, Prince C.",701
"Piperno, Abraham Benedict",701
Portuguese Orphan School,701
Rosselli family,701
"Artom, Isaac",702
"Cavalieri, E.: Cavour, C.",702
"Maurogonato, Isaac Pesaro",702
Menorah Monthly,702
Victor Emmanuel II (King of Italy),702
"Malvano, Alessandro",703
Menorah Monthly,703
"Morais, Henry S.",703
New York Herald,703
"Massarani, Tullo",704
Menorah Monthly,704
"Montefiore, Moses",704
"Rothschild, Alphonse de",704
"Verdi, Guiseppe (of Casale, Italy)",704
"Ascoli, Graziadio",705
Illustrazione Italiane,705
"Luzzatto, S.D. Prof.",705
"Massarani, Tullo",705
Menorah Monthly,705
"Renan, Ernest",705
"Ascoli, Graziadio",706
"Levi, David (of Turin)",706
Menorah Monthly,706
"Bruno, Giordano",707
La Nazione,707
"Levi, David (of Turin)",707
Menorah Monthly,707
"Arbib Family (Edoardo, Giacomo & Lelio)",708
Corri?re Israelitico (of Trieste),708
Fould,708
Gazzetta de Montova,708
"Luzzatti, Luigi",708
Menorah Monthly,708
"Franchetti, Alberto",709
"Franchetti, Augusto",709
"Franchetti, Guiseppe",709
"Franchetti, Odoardo",709
Menorah Monthly,709
"Arbib Family (Edoardo, Giacomo & Lelio)",710
"Fontana, Ferdinando",710
"Franchetti, Alberto",710
Menorah Monthly,710
American Hebrew,711
"Rapoport, S.L.",711
Encyclopedia,711
"Adler, Dr. Nathan M. (Chief Rabbi of Great Britain)",712
Jewish Exponent (Philadelphia),712
"Adler, Herman",713
Alliance IsraA?lite Universelle,713
Anglo-Jewish Association,713
"Goldsmid, Franics",713
"Goldsmid, Julian",713
"Isaacs, Henry Aaron",713
Jewish Exponent (Philadelphia),713
London Jewish Press,713
London?s Jewish Lord Mayor,713
"Montefiore, Moses",713
"Rothschild, Lionel de",713
"Salomons, David",713
Jewish Exponent (Philadelphia),714
Jewish Theological Seminary,714
Jewish Theological Seminary,715
"Hirsch, Moses de",716
"Public Ledger, The",716
"Randall, Samuel J.",716
"Gottheil, [Gustav] Dr.",717
"Hirsch, Moses de",717
Jewish Exponent (Philadelphia),717
Cloakmakers Strike,718
Cloakmakers Union,718
Russian Jews,719
"Smith, Charles Emory",719
"Berkowitz, Henry",720
"Gellat, Roland B.",720
Proselytes,720
th Birthday,721
Jewish Exponent (Philadelphia),722
Yom Kippur,722
Hebrew Sunday School of Philadelphia,723
"Hirsch, Moses de",723
Jewish Exponent (Philadelphia),723
Jewish Theological Seminary,723
"Mendelssohn, Moses",723
"Philips, Ellen",723
Jewish Exponent (Philadelphia),724
"Wise, I. M.",724
"Colenso, John William",725
Higher biblical criticism,725
Jewish Exponent (Philadelphia),725
"Smith, Willaim Robertson",725
Argentina,726
Jewish Exponent (Philadelphia),726
th Birthday,726
"See, Abraham",726
"Sonnenfeld, Dr.",726
"Benedetti, Salvatore de",727
Jewish Exponent (Philadelphia),727
Rodeph Shalom,728
Jewish Exponent (Philadelphia),728
Hebrew Education Society School,729
Jewish Exponent (Philadelphia),729
"Philips, Ellen",729
Rosh Hashanah,729
Higher biblical criticism,730
Jewish Theological Seminary,730
"Loeb, Moritz",730
"Adler, Cyrus",731
American Hebrew,731
Jewish Theological Seminary,731
"Mendes, H. Pereira",731
"Arthur, Chester A.",732
"Burlingame, Mr.",732
Chinese Exclusion Act,732
"Parkhurst, Dr.",732
"Public Ledger, The",732
Pulpit & politics,732
"Caro, Victor",733
"Illowizi, Henry",733
"and Ritual ""innovation""",733
"Wise, I. M.",733
Higher biblical criticism,734
"Mazzini, Joseph",734
"Renan, Ernest",734
"Cleveland, Grover",735
"Harrison, [Benjamin]",735
"Public Ledger, The",735
Thanksgiving,735
"Bardsley, John",736
"Frederic, Harold",736
"Hertz, Joseph H.",736
"Herz, Joseph (see Hertz, Joseph H.):",736
Industrial School,736
Leroy-Beaulieu,736
"Public Ledger, The",736
Thanksgiving,736
Jewish Messenger,737
Jewish Theological Seminary,737
Thanksgiving,737
"Castiglioni, Victor",738
"Manin, Daniel",738
"Maurogonato, Isaac Pesaro",738
Victor Emmanuel II (King of Italy),738
"Chicago (""The White City"")",739
"Harrison, Carter H.",739
Liberty Bell,739
"Public Ledger, The",739
"Reggio, Abraham",739
New Orleans,740
Slum clearance,741
"Gladstone, William",742
Criminality in,742
Tiferet Israel,743
Hebrew,743
Jewish Theological Seminary,743
"and Ritual ""innovation""",743
American Hebrew,744
Astruc,744
Higher biblical criticism,744
Jewish Theological Seminary,744
"Philips, Ellen",745
Criminality in,745
"Beaconsfield, Lord",746
"Macaulay, Thomas B.",746
"Madison, James",746
"Smith, Goldwin",746
"Solis-Cohen, D.",746
"Solomon, Hayim",746
"Sulzberger, Mayer",746
"Mazzini, Joseph",747
"Renan, Ernest",747
"Blumenthal, Joseph",749
"Drachman, Dr. Bernhard",749
Jewish Theological Seminary,749
"Kohut, Dr. Alexander",749
"Mendes, H. Pereira",749
"Hartogensis, B. H.",750
Hebrew Sunday School of Philadelphia,750
Jewish Exponent (Philadelphia),750
Jewish Theological Seminary,751
Morais Library,751
"Cohen, Arthur",752
"Cremieux, Isaac Adolphe",752
Episcopal Clerical Brotherhood,752
Fould,752
"Jessel, George",752
Russian Jews,752
Victor Emmanuel II (King of Italy),752
"Illowizi, Henry",753
World?s Fair,753
Jewish Exponent (Philadelphia),754
"Turetzki, Israel",754
"Ezekial, Moses",755
Italian Jewish Liturgy,755
Russian Jews,755
Hebrew catechism,756
"Ottolenghi, Moses",756
Carmel Colony,757
Jewish Theological Seminary,758
"Philips, Ellen",758
Poor Jews,759
Yom Kippur,759
Jewish Theological Seminary,760
Adler,761
Emanuel Preparatory School,761
Emanuel Theological Seminary,761
"Huebsch, Dr.",761
Jewish Theological Seminary,761
"Kohler, Kaufmann",761
"Harrison, [Benjamin]",762
Emunath Israel-Oheb Shalom,763
Krause,763
"Brooks, Bishop Phillips",764
Alliance IsraA?lite Universelle,765
"Ottolenghi, Moses",766
"Mendelssohn, Moses",767
Yom Kippur,767
Chinese Exclusion Act,768
Jewish Exponent (Philadelphia),768
Thanksgiving,768
Creating a unified American Rite,769
Jewish Exponent (Philadelphia),770
"Jones, Jessica",771
Beth Israel,772
"Loeb, Moritz",773
"Marcus, Mrs. Kate",774
"Mayer, Samuel",775
"Jones, Alfred",776
Chiarini,777
"Childs, George W.",777
"Public Ledger, The",777
Chiarini,778
"Childs, George W.",778
"Public Ledger, The",778
Aruch Completum,779
Jewish Exponent (Philadelphia),779
"Kohut, Dr. Alexander",779
American Hebrew,780
"Blumenthal, Joseph",780
"Hertz, Joseph H.",780
"Herz, Joseph (see Hertz, Joseph H.):",780
Jewish Theological Seminary,780
"Mendes, H. Pereira",780
"Speaker, Henry D.",780
"Wittenberg, David H.",780
American Hebrew,781
"Blumenthal, Joseph",781
History of the Jews,781
"Guinsburg, Theodore",781
"Hertz, Joseph H.",781
"Herz, Joseph (see Hertz, Joseph H.):",781
Jewish Theological Seminary,781
"Kohut, Dr. Alexander",781
"Schmid, Anton",781
Almansi,782
"Cantoni, Lelio",782
"Castiglioni, Victor",782
"Formiggini, Saul",782
"Ghirondi, Marco S.",782
Jewish Messenger,782
"Lolli, S. V.",782
"Luzzatto, Philoxene",782
"Reggio, Isaac Samuel",782
"Tedeschi (of Trieste), Moses",782
"Treves, Sabato Graziado",782
Trieste,782
"Zambelli, Dr.",782
"Zelman, Samuel V.",782
Alliance IsraA?lite Universelle,783
Cochebe Yizchak,783
Emek Achor,783
"Frankl, Ludwig A.",783
Jewish Messenger,783
Luzzatto family,783
"Morpurgo, Rachel",783
"Stern, Mandel",783
"Torre (of Luneo), Lelllio Della",783
Ugav Rachel,783
American Hebrew,784
Hebrew Bible,784
Oriental,784
"Ruskay, Esther J.",784
Yom Kippur,784
Jewish Exponent (Philadelphia),785
"O?Reilly, May A.",785
Poor Jews,785
"Public Ledger, The",785
Sweating System,785
Yom Kippur,785
Jewish Exponent (Philadelphia),786
Sweating System,786
American Hebrew,787
"Hertz, Joseph H.",787
"Herz, Joseph (see Hertz, Joseph H.):",787
"Hertz, Joseph H.",788
"Herz, Joseph (see Hertz, Joseph H.):",788
Jewish Exponent (Philadelphia),788
and Ritual Slaughter,788
"Preyer, Prof.",788
"Reymond, Emil du Bois",788
"The Jewish Method of Slaughter, Compared with other Methods, from the Sanitarian Hygienic and Economic Points of View",788
"Virchow, Rudolph",788
"Dembo, J. A.",789
Jewish Exponent (Philadelphia),789
Society for the Prevention of Cruelty to Animals,789
"White, Caroline Earle",789
Jewish Exponent (Philadelphia),790
"Muhr, Simon",790
"Sylva, Carmen",790
Thanksgiving,790
"Muhr, Simon",791
Gratz College,792
"Friedman, Emil",793
"Hertz, Joseph H.",793
"Herz, Joseph (see Hertz, Joseph H.):",793
Jewish Theological Seminary,793
"Speaker, Henry D.",793
"Wittenberg, David H.",793
Civic patriotism,794
Criminality in,794
Jewish Exponent (Philadelphia),795
Thanksgiving,795
Rosh Hashanah,796
"Cohen, Henry",797
"Frankel, Lee K.",797
"Griggs, Governor",797
"Hoffman, Senator",797
"Leipziger, Henry M.",797
"Salzburg, Dr.",797
"Vincent, John H.",797
American Hebrew,798
Sabbath Observance Association,798
American Hebrew,799
Spanish and Portuguese synagogue in New York (Shearith Israel),799
American Hebrew,800
The Bible for Home Reading,800
Bikkurei Ha-Ittim,801
Erekh Millin,801
"Jellinek, Dr. Adolph",801
Kerem Chemed,801
"Rapoport, S.L.",801
"Schmid, Anton",801
American Hebrew,803
"Friedman, Emil",803
"Hertz, Joseph H.",803
"Herz, Joseph (see Hertz, Joseph H.):",803
Jewish Theological Seminary,803
"Speaker, Henry D.",803
"Wittenberg, David H.",803
American Hebrew,804
Cantarini Family,804
"Baroway, S.",805
"Felsenthal, Bernhard (Rabbi)",805
"Josephson, J.",805
"Klein, Moses",805
"Levy, J. Leonard",805
Zionism,805
American Hebrew,806
Morais Library,806
th Birthday,806
th Birthday,807
th Birthday,808
Jewish Exponent (Philadelphia),809
th Birthday,809
Jewish Exponent (Philadelphia),810
th Birthday,810
Jewish Exponent (Philadelphia),811
Morais Library,811
th Birthday,811
Jewish Messenger,812
th Birthday,812
th Birthday,813
th Birthday,814
Jewish Exponent (Philadelphia),815
th Birthday,815
"Lincoln, Abraham",816
"Washington, George",816
Chinese Exclusion Act,817
"Public Ledger, The",817
Chinese Exclusion Act,818
City of Brotherly Love,818
"Public Ledger, The",818
th Birthday,819
"Blumenthal, Joseph",820
"Drachman, Dr. Bernhard",820
"Hertz, Joseph H.",820
"Herz, Joseph (see Hertz, Joseph H.):",820
"Jacobs, Henry S.",820
"Kohut, Dr. Alexander",820
"Maisner, Moses",820
"Mendes, Dr. F. De Solla",820
"Mendes, H. Pereira",820
Morais Library,820
th Birthday,820
"Public Ledger, The",820
Abolitionism,821
th Birthday,821
"Public Ledger, The",821
Jewish Messenger,822
Jewish Theological Seminary,822
th Birthday,823
Jewish Messenger,825
Jewish Theological Seminary,825
th Birthday,825
American Hebrew,826
th Birthday,826
Abolitionism,827
"Blumenthal, Joseph",827
"Drachman, Dr. Bernhard",827
"Jacobs, Henry S.",827
"Kohut, Dr. Alexander",827
"Maisner, Moses",827
"Mendes, Dr. F. De Solla",827
"Mendes, H. Pereira",827
Morais Library,827
th Birthday,827
"Feinberg, Isaac",829
"Fleischman, Rev. S. M.",829
"Gans, Solomon",829
"Hunt, Isaac",829
"Hyneman, Samuel",829
"Illowizi, Henry",829
Jewish Exponent (Philadelphia),829
Jewish Theological Seminary,829
"Mastbaum, Levi",829
"Mayer, Lazarus",829
th Birthday,829
"Morris, William",829
"Solis, David",829
"Lincoln, Abraham",830
th Birthday,830
"Public Ledger, The",830
"Washington, George",830