page,terms
1,Asmonean|Literary associations|Republicanism|Spain|Thanksgiving|War of Independence (American)
2,"Disasters, natural & man-made|Philadelphia|Public school|Republicanism|Thanksgiving"
3,"Abarbanel, Isaac ben Judah|Asmonean|Higher biblical criticism|Ibn Ezra, Abraham|Luzzatto, S.D. Prof.|Niebhur, Carstens|Wise, I. M.|History of the Jewish Nation"
4,"Asmonean|Higher biblical criticism|Rapoport, S.L.|Wise, I. M."
5,"Asmonean|Ibn Ezra, Abraham|Wise, I. M."
6,"Asmonean|Ibn Ezra, Abraham|Wise, I. M."
7,"Asmonean|Constitution, American|English antagonism|Knownothingism|Labour, condition of|Pennsylvania, Governor of|Prosperous|City of Fidelity|City of Love|City of Righteousness|Providence|Thanksgiving"
8,"Asmonean|Charity|Gans, Daniel|Jewish Foster Home Society, Philadelphia|Jewish Foster Home and Orphan Asylum, Philadelphia|Domestic|Pauperism"
9,"Holdheim, I.|Jerusalem|Rapoport, S.L.|Reform Judaism, (also ""Neology""/""Gentilism"")|Religion and Philosophy|Creeds and Opinions|Sachs, Dr.|Sunday Dispatch, The|Zunz, Leopold"
10,"Frederic the Great|Joseph II, H. R. E.|Luzzatto, S.D. Prof.|Rapoport, S.L.|Reform Judaism, (also ""Neology""/""Gentilism"")|Sunday Dispatch, The|Wessely, Hertz"
11,Jewish Messenger|Discourse on the Resurrection of the Dead
12,Jewish Messenger|Discourse on the Resurrection of the Dead
13,Jewish Messenger|Discourse on the Resurrection of the Dead
14,"Jewish Messenger|Discourse on the Resurrection of the Dead|Reggio, Isaac Samuel"
15,"Jewish Messenger|Discourse on the Resurrection of the Dead|Rubinstein, Isaac"
16,"Higher biblical criticism|Jewish Messenger|Luzzatto, S.D. Prof."
17,"Breidenbach, Rev. J.|Crown Street|Julianna Street|Leghorn|Etting, Ruben|Franks, Levi|Gratz, Michael|Gratz, Rebecca|Gratz, Simeon|Hassler, Mark|Higher biblical criticism|Isaacs, S. Meyer Rev|Jewish Messenger|Leeser, Rev I.|Madison, James|Mikveh Israel|Morris, Robert|Pape, Rev. G.|Jews move west in|Sabbath School|Solomon, Hayim|Architecture, see|Vadaver, H.|Washington, George"
18,"Chalizah|Shaarei Shamayim (London)|Jewish Messenger|Kalisch, Dr. Isidor"
19,"Chalmers, Dr. Mamzer, law of the|Jewish Messenger|Solla (of Montego Bay), Jacob M. de"
20,"Chalmers, Dr. Mamzer, law of the|Jewish Messenger|Solla (of Montego Bay), Jacob M. de"
21,"Chalmers, Dr.|Chalmers, Dr. Mamzer, law of the|Jewish Messenger|Solla (of Montego Bay), Jacob M. de"
22,"Civil War|Jewish Messenger|Lincoln, Abraham"
23,"Civil War|Jewish Messenger|Michael, H. I.|Keystone State|Thanksgiving"
24,"Civil War|Lincoln, Abraham"
25,Civil War|Jewish Messenger|Union League (of Philadelphia)
26,Bandiera brothers|Civil War|Dante Alighieri|Italy|Petrarch
27,"Hart, Sara H.|Jewish Messenger"
28,Atlanta|Civil War|Copperheads|Maryland|Slavery|Vicksburg
29,"Abolitionism|Confederacy, The|Everett|Lincoln, Abraham|Palestine|Quebec|Slavery"
30,"Capital punishment|Johnson, Andrew"
31,"Disasters, natural & man-made|As advance troops of Universal Emancipation|Public school|Thanksgiving"
32,"Jewish Messenger|Creating a unified American Rite|Occident, The"
33,"Jewish Messenger|Maimonides, Moses"
34,Jewish Messenger|Creating a unified American Rite|and social virtue
35,"Charity|Hebrew Relief Association|Jewish Messenger|Leeser, Rev I.|Peabody, George|United Hebrew Charities"
36,"Chorin, Aaron|Dukes family|Endelmann family|Jewish Messenger|Creating a unified American Rite|Rapoport, S.L."
37,Christian evangelism|Touros
38,Anti-Semitism and its good effect|Christian evangelism|Fraud charge|Jewish Messenger
39,"Artom, Isaac|Cavalieri, E.: Cavour, C.|Delitzch, Franz|Ewald, H.|Hallevi|Lavater, Johan Casper|Mendelssohn, Moses|Meyerbeer, G.|Protestant Episcopal Association"
40,"Abolitionism|Archivolti|Gesenius, H.|Ibn Ezra, Abraham|Ibn Ganach, Jonah|Israelite, The|Jewish Messenger|Luzzatto, S.D. Prof.|Maimonides College|Salvador, J.|History of the Jewish Nation"
41,"Jewish Messenger|Reform Judaism, (also ""Neology""/""Gentilism"")"
42,"Disasters, natural & man-made|Italy|Pennsylvania, Governor of|Pulpit & politics|Thanksgiving"
43,"Leeser, Rev I.|Luzzatto, S.D. Prof.|Munk, S.|Rapoport, S.L."
44,"Disasters, natural & man-made|Pennsylvania, Governor of|Spain"
45,"Adler, Dr. Nathan M. (Chief Rabbi of Great Britain)|Bergh, Henry|and Ritual Slaughter|Kayserling, Dr. M.|Porter, Judge|Slaughtering Techniques|Society for the Prevention of Cruelty to Animals"
46,"Modern|Jewish Messenger|Letteris, Mayer M.|Luzzatto, S.D. Prof.|Reggio, Isaac Samuel|Vidaver, Dr. Henry"
47,"Constitution, American|Constitution, American: Christianizing|Sunday Dispatch, The"
48,"Ha-Maggid|Modern|Jeitelles, Judah|Jewish Messenger|Letteris, Mayer M.|Luzzatto, S.D. Prof.|Meassephim|Metastasio"
49,"Archives Isra?lites de France|Bayle, Pierre|Galicia|Jellinek, Dr. Adolph|Jewish Messenger|Lemberg|Military draft|Anshe Hashem"
50,Jewish Messenger|Encyclopedia
51,"Peabody, George|Thanksgiving"
52,"Hirsch, Samuel|Jewish Messenger|Rabbinical Conference"
53,Jewish Messenger|Encyclopedia
54,Jewish Messenger|Encyclopedia
55,"Capital punishment|Sunday Dispatch, The"
56,and the Occult|Occult
57,"Franco-Prussian War|Garibaldi, Guiseppe|Lafayette, General de|Paris|Thanksgiving"
58,"Constitution, American|Constitution, American: Christianizing|Seperation of Church and State"
59,Christian evangelism|Protestant Episcopal Association
60,Jewish Messenger
61,"Bandiera brothers|Bonaparte, Napoleon|Cobden, William|D?Harcourt, Duke|Disasters, natural & man-made|Entente cordiale|Franco-Prussian War|Italy|Mortara, Edgar|Pellico, Silvio|Ricci|Thanksgiving|Thiers|Treaty of Washington|Victor Emmanuel II (King of Italy)"
62,"Chorin, Aaron|Hamburg|Jewish Messenger|and Synagogue Music|Leghorn, Chief Rabbi of|Modena, Leon de|Recanti of Verona|Shem Tob Samson|Solomon of Malach, (Chief Rabbi of Leghorn)|Organ music in"
63,"Hebrew Calendar|Jewish Hospital of Cincinnati|Jewish Index, The|Rosh Hashanah"
64,"Jewish Hospital of Cincinnati|Jewish Index, The|Rabbinical Teachings"
65,"Israelitish Review|Jewish Hospital of Cincinnati|Jewish Index, The|Lessons in Moral Theology"
66,"Jewish Hospital of Cincinnati|Jewish Index, The|Succoth"
67,"Jewish Hospital of Cincinnati|Jewish Index, The|Rabbinical Teachings"
68,"Jewish Hospital of Cincinnati|Jewish Index, The|Lessons in Moral Theology"
69,"Jewish Hospital of Cincinnati|Jewish Index, The|Rabbinical Teachings"
70,"Jewish Hospital of Cincinnati|Jewish Index, The|Lessons in Moral Theology"
71,"Adas Israel|Elkin, Dr. M.|Fox, Daniel M.|Hirsch, Samuel|Jacobs, George (Rev.)|Jastrow, Morris|Jewish Hospital of Cincinnati|Jewish Index, The"
72,"Jewish Hospital of Cincinnati|Jewish Index, The|Mount Sinai|Palmer, Captain H. S."
73,"Jewish Hospital of Cincinnati|Jewish Index, The|Lessons in Moral Theology"
74,"Boston|Disasters, natural & man-made|Jewish Hospital of Cincinnati|Jewish Index, The"
75,"Boston|Disasters, natural & man-made|Jewish Hospital of Cincinnati|Jewish Index, The"
76,"Jewish Hospital of Cincinnati|Jewish Index, The|Meade, General"
77,"Hebrew Education Society School|Jewish Hospital of Cincinnati|Jewish Index, The|Leeser, Rev I."
78,"Jewish Hospital of Cincinnati|Jewish Index, The|Lessons in Moral Theology"
79,"Jewish Hospital of Cincinnati|Jewish Index, The|Rabbinical Teachings"
80,"Jewish Hospital of Cincinnati|Jewish Index, The|Synagogue, The|Unity"
81,"Jewish Hospital of Cincinnati|Jewish Index, The|Jewish Women|Morais, Nina|Teachers"
82,"Jewish Hospital of Cincinnati|Jewish Index, The|Rabbinical Teachings"
83,"Jewish Hospital of Cincinnati|Jewish Index, The|Lessons in Moral Theology"
84,"Jewish Hospital of Cincinnati|Jewish Index, The|Synagogue, The|Minhag and Prayer|Prayer and"
85,"Friedenwald, A.|Jewish Hospital of Cincinnati|Jewish Index, The"
86,"Jewish Hospital of Cincinnati|Jewish Index, The|Lessons in Moral Theology"
87,"Jewish Hospital of Cincinnati|Jewish Index, The|Modernity|Prayer and|and Modernising"
88,"Jewish Hospital of Cincinnati|Jewish Index, The|Rabbinical Teachings"
89,"Greely, Horace|Jewish Hospital of Cincinnati|Jewish Index, The"
90,"Elkin, Dr. M.|Hebrew Education Society School|Jacobs, George (Rev.)|Jacobs, Henry S.|Jastrow, Morris|Jewish Hospital of Cincinnati|Jewish Index, The|Unity|Thanksgiving"
91,"Jewish Hospital of Cincinnati|Jewish Index, The|Lessons in Moral Theology"
92,"Castner|Jewish Hospital of Cincinnati|Jewish Index, The|Unity"
93,"Jewish Hospital of Cincinnati|Jewish Index, The|Rabbinical Teachings"
94,"Ha-Maggid|Jewish Hospital of Cincinnati|Jewish Index, The|Warsaw"
95,"Jewish Hospital of Cincinnati|Jewish Index, The|Lessons in Moral Theology"
96,"Jewish Hospital of Cincinnati|Jewish Index, The|and Ritual ""innovation"""
97,"Jewish Hospital of Cincinnati|Jewish Index, The|Rabbinical Teachings"
98,"Jewish Hospital of Cincinnati|Jewish Index, The|Lessons in Moral Theology"
99,"Hanuccah|Jewish Hospital of Cincinnati|Jewish Index, The"
100,"Jewish Hospital of Cincinnati|Jewish Index, The|Rabbinical Teachings"
101,"Jewish Hospital of Cincinnati|Jewish Index, The|Lessons in Moral Theology"
102,"Jewish Hospital of Cincinnati|Jewish Index, The|Tedesco, Baron Herman|Vienna, Jewish Community of"
103,"Ascher, Rev. Simon|Boulogne|Green, Rev. A. L.|Jewish Chronicle, The (London)|Jewish Hospital of Cincinnati|Jewish Index, The|Levi, David (of Turin)|Mendelssohn, Samuel|Zadoc, Dr."
104,"Jewish Hospital of Cincinnati|Jewish Index, The|Thanksgiving"
105,"Alliance IsraA?lite Universelle|Benamozegh, Elias (of Leghorn)|Nizachon|Luzzatto, S.D. Prof.|Modena, Leon de|Milchamoth Chobah|Rossi, Azariah de|Jesus Christ et sa Doctrine|Chizzuk Emunah"
106,"Jewish Hospital and Home of the Aged, Philadelphia"
107,"Jewish Messenger|Mendelssohn, Moses|Jerusalem|Reform Judaism, (also ""Neology""/""Gentilism"")"
108,"Castelar, Emilio|Cuba|Jewish Messenger|Mikveh Israel|Keystone State|Thanksgiving"
109,Hebrew|Hebrew Education Society School|as language of prayer|Jewish Messenger
110,Cremation
111,"Castellar: Castelli, David|Donnolo, Sabbatei|Donolo, I.|Italian|Jewish Messenger|Sepher Yetzirah|Tachkemoni"
112,"Italian|Jewish Messenger|Kalir, Eleazar|Occident, The|Sulzberger, Mayer"
113,"Aruch Completum|Italian|Jewish Messenger|Kohut, Dr. Alexander|Nathan the Lexicographer"
114,"Italian|Immanuel of Rome|Jewish Messenger|Perreau, Pietro"
115,Italian|Immanuel of Rome|Jewish Messenger
116,Italian|Immanuel of Rome|Jewish Messenger
117,Italian|Immanuel of Rome|Jewish Messenger
118,"Graetz, Dr. Heinrich|Italian|Immanuel of Rome|Jewish Messenger"
119,Italian|Immanuel of Rome|Jewish Messenger
120,Italian|Immanuel of Rome|Jewish Messenger
121,Italian|Immanuel of Rome|Jewish Messenger
122,"Italian|Jewish Messenger|Medigo, Elias Del|Reggio, Isaac Samuel"
123,"Italian|Jewish Messenger|Rossi, Azariah de|Zunz, Leopold"
124,"Italian|Jewish Messenger|Rossi, Azariah de"
125,"Italian|Jewish Messenger|Nieto, David"
126,"Italian|Jewish Messenger|Nieto, David"
127,"Almansi|Balmesi|Benedetti, Salvatore de|Italian|Jewish Messenger|Lampronti, Isaac|Luzzatto family|Sforno"
128,"Adams, John|Jewish Messenger|War of Independence"
129,"American Israelite|Reform Judaism, (also ""Neology""/""Gentilism"")|Wise, I. M."
130,"American Israelite|Creating a unified American Rite|and Ritual ""innovation"""
131,"American Israelite|Jewish Record, The|and Ritual ""innovation""|Young Israel of America"
132,"American Israelite|Jewish Record, The|and Ritual ""innovation"""
133,"Board of Education, Philadelphia|Board of Hebrew Ministers, Philadelphia|Jewish Record, The|School Sectarianism"
134,"Jewish Record, The|Character of"
135,"American Israelite|as language of prayer|Jewish Messenger|Jewish Record, The|and Ritual ""innovation"""
136,"American Israelite|as language of prayer|Jewish Messenger|Jewish Record, The|and Ritual ""innovation"""
137,"Wilson, Vice President"
138,"American Israelite|as language of prayer|Jewish Messenger|Jewish Record, The|Jonah, Solomon"
139,"American Israelite|Jewish Messenger|Jewish Record, The|Creating a unified American Rite|and Ritual ""innovation"""
140,"Gratz, Simeon|Public school|Moral Science"
141,"American Israelite|Jewish Messenger|Jewish Record, The|and Ritual ""innovation"""
142,"Franklin, Benjamin|Immigration|Jefferson, Thomas|Peabody, George|Rhode Island|Touros|Williamson, Isaiah V."
143,"Anglo-Jewry|Jewish Record, The|Montefiore, Judith|and Ritual ""innovation"""
144,"Centennial [1876]|Jewish Record, The|Jones, Horatio Gates|Thomas, Theodore"
145,"Centennial [1876]|Labour, condition of|Sunday Dispatch, The"
146,"Jewish Record, The|Inspiring Hope, The"
147,"Jewish Record, The|Inspiring Hope, The"
148,"Italian artisans|Jewish Record, The|Peace Convention, The"
149,"Jewish Record, The|Inspiring Hope, The|Senior Sachs"
150,"Jewish Record, The"
151,"Jewish Record, The|Inspiring Hope, The"
152,"Jewish Record, The|Inspiring Hope, The"
153,"Jewish Record, The|Inspiring Hope, The"
154,"Jewish Record, The|Inspiring Hope, The"
155,"Jewish Record, The|Rabinowitz, Rev. M.|Wise, I. M.|Yeedish Gazette, The"
156,"Jewish Record, The|Inspiring Hope, The"
157,"Cincinnati College|Hebrew Education Society School|Jewish Record, The|Maimonides College|Western Union College"
158,"Jewish Record, The|Inspiring Hope, The"
159,"Jewish Record, The|Inspiring Hope, The"
160,"Jewish Record, The|Inspiring Hope, The"
161,"Jewish Record, The|Inspiring Hope, The"
162,"Jewish Record, The|Centennial City"
163,"American Catholic Quarterly Review|Chiarini|Deutsch, Emanuel|Eisenmenger, J. A.|Jewish Record, The|Lippincott?s Magazine|Newman, Rev. Louis C.|Selections from the Talmud"
164,"Bnai Brith|Ezekial, Moses|Mazzini, Joseph|Sanger, W.|Statue of Religious Liberty"
165,"Jewish Record, The|A Critical and Hermeneutical Introduction to the Pentateuch"
166,"Ezekial, Moses|Jewish Record, The|Jones, Horatio Gates|Keyser, Charles S.|Mazzini, Joseph|Statue of Religious Liberty|Thanksgiving"
167,"Jewish Record, The|A Critical and Hermeneutical Introduction to the Pentateuch"
168,"Jewish Record, The|A Critical and Hermeneutical Introduction to the Pentateuch"
169,"Jewish Record, The|A Critical and Hermeneutical Introduction to the Pentateuch"
170,"Jewish Record, The|A Critical and Hermeneutical Introduction to the Pentateuch|Rossi, John B de"
171,"Jewish Record, The|A Critical and Hermeneutical Introduction to the Pentateuch"
172,"Jewish Record, The|A Critical and Hermeneutical Introduction to the Pentateuch|Reggio, Isaac Samuel"
173,"Jewish Record, The|A Critical and Hermeneutical Introduction to the Pentateuch"
174,"as language of prayer|Jewish Record, The"
175,"Alliance IsraA?lite Universelle|Bismark, Otto von|Macaulay, Thomas B.|Palestine|Sultan, Turkish|Zionism"
176,"Jewish Record, The|Kirkovitch, Abraham|A Critical and Hermeneutical Introduction to the Pentateuch|Pinsker, S."
177,"Derenburg, Joseph|Jewish Record, The|Luzzatto, S.D. Prof.|Mendelssohn, Moses|Mendes, Dr. F. De Solla|Reggio, Isaac Samuel|Wessely, Hertz"
178,"Jewish Record, The|A Critical and Hermeneutical Introduction to the Pentateuch"
179,"Jewish Record, The|A Critical and Hermeneutical Introduction to the Pentateuch"
180,Purim|Roumania|Russia
181,"Association Review|Bene Yeshurun|Davids, Arthur Lumley|Hebrew Review, The|Raphall, Morris J. Dr.|Young Men?s Hebrew Association"
182,"Freeman, E. A.|Jewish Record, The|Peixotto, B. F.|Public Ledger, The|Roumania"
183,"Republicanism|Roumania|Russo-Turkish War|Sunday Dispatch, The"
184,"Anglo-Jewry|Davids, Arthur Lumley|Hartog, Numa Edward|Henry, Michael|Jewish Chronicle, The (London)|Sketches of Anglo-Jewish History"
185,"Antologica Israelitica (of Corfu)|Jewish Record, The|Luzzatto, Philoxene|Rapoport, S.L."
186,"Abd-al-Rahman III|Cohn, Albert|D?Aboddie, M.|Falashas|Ibn Shaprut, Hisdai|Jewish Record, The|Luzzatto, Philoxene|Luzzatto, S.D. Prof.|Munk, S."
187,"Ben Labrat, Dunash|Ibn Saruq, Menachem ben Jacob|Jewish Record, The|Labrat, Dounash ben|Luzzatto, S.D. Prof."
188,"Ben Labrat, Dunash|Filipowsky, Herschell|Ibn Saruq, Menachem ben Jacob|Ibn Shaprut, Hisdai|Jewish Record, The|Labrat, Dounash ben|Beth Ha-Ozar|Rashi"
189,"Rapoport, S.L.|Slonimsky, Hayim S."
190,"Bonaparte, Napoleon|Busch, Isidore|Donolo, I.|Emanuel|Franz Ferdinand, Archduke|Jewish Record, The|Luzzatto, Dr. Isaiah|Luzzatto, Hezekiah|Autobiography|Medigo, Elias Del|Mendelssohn, Moses|Rossi, Azariah de|Silberman, E. L. (""The Maggid"")|Wessely, Hertz"
191,"Formiggini, Saul|Jewish Record, The|Lolli, Ehud|Luzzatto, Dr. Isaiah|Luzzatto, Philoxene|Luzzatto, S.D. Prof.|Autobiography|Public school|Randegger, Mayer|Reggio, Isaac Samuel|Regina, Miriam|Trieste|Zelman, Samuel V."
192,"Berlin, Isaiah (of Breslau)|Ginzburg, Raphael W.|Gironti (of Brescia)|Jewish Record, The|Luzzatto, Dr. Isaiah|Autobiography|Momigliano (of Piedmont), Rabbi|Nardi, Prof.|Odorici, Mr.|Porto, Rabbi Moses Cohen|Rosencranz, Leon L.|Tiboni (of Brescia), Peter"
193,"Condillac, Etienne Bonnot de|Locke, John|Autobiography|Morpurgo, Rachel|Soave, Moise|Spinoza, Benedict|Tedeschi, Marco"
194,"Ewald, H.|Formiggini, Saul|Gesenius, H.|Jost, Isaac M.|Kochebe Yitzhac|Luzzatto, Philoxene|Autobiography|Zunz, Leopold"
196,"Euchel, Isaac: Life of Mendelssohn|Characters and Manners|Levy, Rabbi (of Trieste)|Lolli, Ehud|Lolli, S. V.|Autobiography|Reggio, Isaac Samuel"
197,"Autobiography|North American Review|Porto, Rabbi Moses Cohen|Tedeschi, Rabbi Mario|Torah Nidreshet"
198,"Adler, Dr. Nathan M. (Chief Rabbi of Great Britain)|Eliot, George: Daniel Deronda|Mendelssohn, Moses|Public Ledger, The"
199,"Bacon, Francis|Luzzatto, Dr. Isaiah|Autobiography|Mainster, Abram (of Robigo)|Proudhon, Pierre Joseph|Torah Nidreshet"
200,"Lolli, Judah|Lolli, S. V.|Luzzatto, Dr. Isaiah|Autobiography|Morpurgo, J. L.|Morpurgo, J. L.|Pincherle, S. L."
201,"Busch, Isidore|Luzzatto, Dr. Isaiah|Autobiography|Reggio, Isaac Samuel|Tedeschi (of Trieste), Moses"
202,"Boston Index, The"
203,"Formiggini, Saul|Luzzatto, Philoxene|Autobiography|Reggio, Abraham|Reggio, Isaac Samuel|Segre, Bella Bathsheba|Torre (of Luneo), Lelllio Della|Trieste, Gabriel"
204,"Benvenisti, Dr. Nathan|Dukes family|Formiggini, Saul|Francis I, King|Nachgelassene Schriften|Urschrift|Kircheim|Kirkovitch, Abraham|Lattes, E. Aaron (Chief Rabbi of Venice)|Luzzatto, Philoxene|Autobiography|Rapoport, S.L.|Torre (of Luneo), Lelllio Della|Trieste, Gabriel|Zunz, Leopold"
205,"Sunday Dispatch, The|Sunday Question"
206,"Juedische Zeitschrift|Luzzatto, Philoxene|Ohev Ger"
207,Ohev Ger
208,"Berlin, Isaiah (of Breslau)|Etheridge, J. W.: Pentateuchal Targumim|Hurt, Abraham|Jeitelles, Judah|Ohev Ger|Randegger, Mayer|Saraval, Rabbi U. V."
209,Ohev Ger
210,"Ohev Ger|Simon, Richard"
211,Chrestomathy|Ohev Ger
212,"Leeser, Rev I.|Luzzatto, Joseph|Ohev Ger"
213,"Artom, Isaac|Ohev Ger|Mazzini, Joseph|Mortara, Edgar|Pious IX|Victor Emmanuel II (King of Italy)"
214,"Alliance IsraA?lite Universelle|Camondo|Cremieux, Isaac Adolphe|Hirsch, Moses de|Ohev Ger|Modigiliani, Dr. Angelo|Piperno, Abraham Benedict|Veneziani, Emanuel"
215,"Isaacs, S. Meyer Rev|Jewish Messenger|Montefiore, Moses"
216,Hebrew Union College (Cincinnati)
217,"Aufrecht, Mr.|Cincinnati (""Queen City"")|Eppinger, W.|Epstein, Dr.|Goldammer, Dr.|Hess, Mr.|Kutner, Rabbi|Lilienthal, Dr. M.|Loewenberg, Cantor W.|Orphan Asylum, Cleveland|Touro, Judah|Wise, I. M.|Wolfenstein, Dr."
218,"Jewish Messenger|Jewish Press, The"
219,Congress of Berlin|Pan-Judaic Congress|Roumania
221,Sepher Hazzichronot|Jewish Messenger|Sepher Hazichronot
222,"Abudarham|Jewish Messenger|Maimonides, Moses|Susan, Issachar ben Mordechai"
223,Alliance IsraA?lite Universelle
224,"Jewish Messenger|Liturgy|Pick, Dr."
225,"Lilienthal, Dr. M.|Luzzatto, Dr. Isaiah|Index raison?e des livres de correspondance du feu SD Luzzatto"
226,"Cohn, Albert|Frankel, Zecheriah|Geiger, Abraham|Luzzatto, S.D. Prof.|Index raison?e des livres de correspondance du feu SD Luzzatto"
228,"Ben Salomo, Immanuel|Berliner, Dr. A.|Perreau, Pietro|Rossi, Azariah de"
229,"Krochmal, N.|Lebrecht, F.|Luzzatto, S.D. Prof.|Index raison?e des livres de correspondance du feu SD Luzzatto"
230,"Kaufmann, David|Perreau, Pietro"
231,Chinese Exclusion Act
232,Passover
233,"Ben-Jacob|Corri?re Israelitico (of Trieste)|Frankel, Zecheriah|Kaufmann, David|Luzzatto, Dr. Isaiah|Luzzatto, S.D. Prof.|Rapoport, S.L."
234,"Kaufmann, David|Luzzatto, S.D. Prof.|Index raison?e des livres de correspondance du feu SD Luzzatto|Tedeschi, Marco|Trieste|Zunz, Leopold"
235,"Cantarini Family|Kaufmann, David|Lasinio, Fausto|Luzzatto, S.D. Prof.|Mortara (Chief Rabbi of Mantua), Marco|Osimo, Leon Rabbi|Osimo, Marco|Perreau, Pietro|Steinschneider, Moritz"
237,"Alliance IsraA?lite Universelle|Hirsch, Moses de|Hirsch, Samuel|Spinoza, Benedict"
238,Corbin
239,"Alliance IsraA?lite Universelle|Cohn, Albert|Cohn, Albert"
240,Rumoured as Orthodox Chief Rabbi
241,"Goldammer, Dr.|Discourse on the Resurrection of the Dead|Rubinstein, Isaac|Wise, I. M."
242,"National Baptist, The"
243,Rumoured as Orthodox Chief Rabbi|New York Herald
244,"Maimonides, Moses|Rubinstein, Isaac|Wise, I. M."
245,Rosh Hashanah
246,Yom Kippur
247,Rosh Hashanah
248,Succoth
249,"Female Beneficial Society|Fuel Society|Hart, Abram L.|Lazarus, Henry|Peabody, George|Pesoa, David|Sewing Society|Society of the United Hebrew Charities of Philadelphia"
250,"Lattes, Joseph Rabbi (of Reggio Emilia)|Montefiore, Moses"
251,"Carey, Henry C.|Rowland, Rev A. J."
252,"Abraham, Barnet|Jewish Chronicle, The (London)|Piciotto, Moses Hayyim|Reggio, Isaac Samuel"
253,"Adler, Abraham|Loeb, Matilde Adler"
254,"Alatrini|Alliance IsraA?lite Universelle|Camondo|Cremieux, Isaac Adolphe|Lincoln, Abraham|Mortara, Edgar|Netter, Charles|Philadelphia|Pious IX|Republicanism|Roumania|Thanksgiving|Veneziani, Emanuel"
255,Hanuccah
256,Alliance IsraA?lite Universelle|Union of American Hebrew Congregations
257,"Alliance IsraA?lite Universelle|Board of Deputies, British|Cremieux, Isaac Adolphe|Loewe|Montefiore, Moses|Munk, S.|Piperno, Abraham Benedict|Sunday Dispatch, The"
258,"Alliance IsraA?lite Universelle|Cremieux, Isaac Adolphe"
259,"Armhold, W.|Bernstein, A.|Elkin, Dr. M.|Frankel, Jacob|Jacobs, George (Rev.)|Ruzanowsky, N."
260,"Cremieux, Isaac Adolphe"
261,"Mortara, Edgar|Roumania|Russia|Victor Emmanuel II (King of Italy)"
262,"Cogalniceano, Minister|Cortes|Cremieux, Isaac Adolphe|Foltischeni (Moldavia)|Fould|Franck|Halevy|Lafayette, General de|Roumania|Russia"
263,"Industrial School|Jewish Foster Home Society, Philadelphia|Jewish Foster Home and Orphan Asylum, Philadelphia"
264,"Cremation|Gottheil, [Gustav] Dr.|Hahn, Dr. Aaron (of Cleveland)|Huebsch, Dr.|Nicolai, Dr.|Wise, I. M."
265,"Castel-Bolognesi, Angelo|Historical Memoirs of the Hebrew Community of Ferrara|Lampronti, Isaac|Levi, Benedict (Chief Rabbi of Ferrar)|Melli, Chief Rabbi|Perreau, Pietro|Pesaro, Abram|Zunz, Leopold"
266,"Maimonides, Moses"
267,"Charles III (King of Spain)|Judaism in Sicily|Storia degli Ebrei in Sicilia pel Dottor L. Zunz, tradotta dal tedesco da Pietro Perreau|Zunz, Leopold|Zur Geschichte und Literatur"
268,"Divrei Shir|Lampronti, Isaac|Lebanon|Leir, Benedict (Chief Rabbi of Ferrara)|Padua rabbinical college|Rossi, Azariah de"
269,Pentecost
270,"Almansi|Bikkurei Ha-Ittim|Cohn, Albert|Gessner|Kinor Nangim|Lessing|Luzzatto, S.D. Prof.|Maimonides, Moses|Menzini|Morpurgo, Rachel|Munk, S.|Pontremoli, Prof. Ezra (of Vercelli)|Rapoport, S.L.|Reggio, Isaac Samuel|Riesser, Gabriel|Sachs, Michael|Schmid, Anton|Torre (of Luneo), Lelllio Della|Zunz, Leopold"
271,"Brill|Mendelssohn, Moses|Philippson (of Baltimore), David|Tedeschi (of Trieste), Moses|Torre (of Luneo), Lelllio Della"
272,Agricultural Schools|Alliance IsraA?lite Universelle|Ninth of Ab
273,"France, Central Consistory of|Isidor, Rabbi L.|and Ritual ""innovation""|Vessillo Israelitico"
274,Rosh Hashanah
275,Yom Kippur
276,"Bloch, S.: La Foi d?Israel|Succoth"
277,"Cincinnati (""Queen City"")|Hanuccah|Hebrew Review, The|Lilienthal, Dr. M.|Mendelssohn, Moses|Synod (proposed)"
278,"Alliance IsraA?lite Universelle|Bamberger|Bismark, Otto von|Lasker, E.|Melikoff|Stoecker, Adolph|Treitschke, Prof. Heinrich von|Veneziani, Emanuel|Wessely, Hertz"
279,"Graetz, Dr. Heinrich|Hahn, Dr. Aaron (of Cleveland)"
280,"Anti-Semitic League|Buchanan, James|Gesenius, H.|Day of Atonement (painting)|Sunday Dispatch, The"
281,"Hebrew Review, The|Kohler, Kaufmann"
282,"Hebrew Review, The|Kohler, Kaufmann"
283,"Frankel, Zecheriah|Hebrew Review, The|Kohler, Kaufmann|Reform Judaism, (also ""Neology""/""Gentilism"")"
284,"Adler, Dr. Nathan M. (Chief Rabbi of Great Britain)|Alliance IsraA?lite Universelle|Mortara, Edgar|Young Men?s Hebrew Association"
285,"Adler (of Chicago), L.a|Alliance IsraA?lite Universelle|Geiger, Abraham|Hebrew Review, The|Jost, Isaac M.|Kohler, Kaufmann"
286,Alliance IsraA?lite Universelle|Purim
287,"Cohn, Albert|Schmid, Anton|Tedeschi, Marco"
288,"Cohn, Albert|Graetz, Dr. Heinrich|Herzfeld|Jost, Isaac M.|Mendelssohn, Dorothea|Mendelssohn, Henrietta|Racah, Prof. Leon|Schlegel, Frederick|Spinoza, Benedict|Zunz, Leopold"
290,"Mortara (Chief Rabbi of Mantua), Marco|Shavuot"
291,"Allen, Anna|Bomeisler, L.|Cherry Street|Female Benevolent Association|Florance, Hannah|Gratz, Rebecca|Hart, Louisa B.|Hart, Rebecca C.|Jewish Foster Home and Orphan Asylum, Philadelphia|Pentecost|United Hebrew Charities"
292,"Gratz, Rebecca|Jewish Women|Levi, Benedict (Chief Rabbi of Ferrar)|Pesaro, Abram|Servi, Rabbi F."
293,"Garfield, James Abram|Sunday Dispatch, The|Vessillo Israelitico"
294,"Anti-Semitism|Ha-Maggid|L?Univers Isra?lite|Ninth of Ab|Wogue, Rabbi|Zionism"
295,"Bloch & Co., Messrs (Publishers)|Landsberg, Dr. Max (of Rochester, N. Y.)|Reform Judaism, (also ""Neology""/""Gentilism"")"
296,Castner Old Rome and New Italy
297,"Garfield, James Abram|Sunday Dispatch, The"
298,"Garfield, James Abram"
299,"Pennsylvania, Governor of|Rosh Hashanah"
300,Yom Kippur
301,American Hebrew|Rosh Hashanah
302,Succoth
303,Anti-Semitism|Kiev|Rosh Hashanah
304,"Alliance IsraA?lite Universelle|Charity|Elizabethgrad|Isaacs, S. Meyer Rev|United Hebrew Charities|Yom Kippur"
305,"Mikveh Israel|Sulzberger, Leopold"
306,"American Hebrew|Sulzberger, Leopold"
307,"Beer, Bernard|Kalisch, Dr. Isidor|Philosophy and Philosophical Authors of the Jews"
308,"Alliance IsraA?lite Universelle|Faustmann, Bernhardt H.|Hanuccah|Kaufmann, Jacob"
309,"Fox, George|Macaulay, Thomas B.|Newman, Dr. J. P.|Penn, William|Bicentennial|Philadelphia|City of Homes|Quakers|Sunday Dispatch, The"
310,"Blumenthal, Dr. Mark|Keneseth Israel|Deutsch, Dr.|Isaacs, S. Meyer Rev|Jewish Messenger|Leeser, Rev I.|Luzzatto, S.D. Prof.|Vidaver, Dr. Henry"
311,"Luzzatto, S.D. Prof.|Padua rabbinical college|Tedeschi (of Trieste), Moses|Hoeel Moshe|Zelman, Samuel V.|Saggio del Rabbino Marco Mortara|Shir Yedidoth|Zaakath Sheber"
312,"Alliance IsraA?lite Universelle|Russian Jews|1881-1882, responses to"
313,"American Hebrew|Drexel, A. J.|Ewald, H.|Hitzig|Kuenen, Abraham|Smith, Willaim Robertson|Wellhausen, Julius|Young Men?s Hebrew Association"
314,"Purim|Russian Jews|1881-1882, responses to|Old Testament in the Jewish Church"
315,"Muhr, Simon"
316,Fornakari:|Passover|Ritual Murder Charge
317,Alexandria|Scribner?s Magazine
318,"Adler, Herman|Russian Jews"
319,"Graeber, Eisig (of Przemysl)|Luzzatto, S.D. Prof."
320,"Emigrant Aid Society of New York|Sternberg, Mr.|Vineland Colony, N.J."
321,"Ignatieff, Count Nikolai Pavlovich|Ninth of Ab"
322,"Antologica Israelitica (of Corfu)|Ascoli, Graziadio|Benedetti, Salvatore de|Congress of Orientalists, Florence|Oppert, Jules|Perreau, Pietro|Weil, Gustav"
323,"Graeber, Eisig (of Przemysl)|Luzzatto, S.D. Prof."
324,Hebrew Emigrant Society|Rosh Hashanah
325,"Berliner, Dr. A.|Year Book for the Diffusion of an Accurate Knowledge of ancient and Modern Palestine"
326,Yom Kippur
327,Succoth
328,"Ferarra|Pesaro, Abram|Vessillo Israelitico"
329,"Rothschild, Bertha (a.k.a. Maria) de|Rothschild, Charles de"
330,"Macaulay, Thomas B.|Penn, William|Bicentennial|Sunday Dispatch, The"
331,"Bancroft, George|Press, The"
332,Thanksgiving
333,"American Hebrew|Industrial Education|Jewish Foster Home and Orphan Asylum, Philadelphia"
334,Antologica Israelitica (of Corfu)|Ha-Oheb|L?Univers Isra?lite|Vessillo Israelitico
335,"Alliance IsraA?lite Universelle|Lazarus, Emma|The Jewish Problem"
336,"American Hebrew|Luzzatto, S.D. Prof.|Spinoza, Benedict"
337,"American Hebrew|Mendelssohn, Moses|Sonnenschein (of Temple Israel, St. Louis), S. H.|Spinoza, Benedict|Spinozism|Stewart, Dugald|Torre (of Luneo), Lelllio Della|Biography of Mendelsohn"
338,Alliance IsraA?lite Universelle
339,"Herder, J. G.|Lessing|Mendelssohn, Moses|Muhr, Simon|Spinozism"
340,"Ben Sangadun, Jacob|Carvalho, Emanuel Nunes|Cohen, Abraham Hyman|Cohen, Hartwig|Cohen, Jacob Raphael|Cohens|Gratz family|Keys, Abraham Israel|Leeser, Rev I.|Maraches, The|Markses, The|Mikveh Israel|Peixotto, Rev. Moses Levy Maduro|Philipses, The|Sangadun, Jacob ben|Seixas, Gershom Mendes"
341,"Jessel, George|Levy, Nathan"
342,"Bonaparte, Napoleon|Hirsch, Samuel"
343,Pentecost
344,"Hirsch, Samuel"
345,"American Jewish Advocate|Ascoli, Raphael|Leeser, Rev I.|Luzzatto, S.D. Prof.|Occident, The"
346,"Aguilar, Emanuel: The Ancient Melodies of the Spanish and Portuguese Jews|Leghorn, Chief Rabbi of|Luzzatto, Moses Hayyim|Modigiliani, Dr. Angelo|Piperno, Abraham Benedict|Sola, Rev. David Aaron de"
347,"Castellar: Castelli, David|Lampronti, Isaac|Leghorn|Mekizei Nirdamim|Piperno, Abraham Benedict|Zechor Le Avraham"
348,"Pachad Yitschak|Perreau, Pietro"
349,American Hebrew|Hebrew Union College (Cincinnati)
351,"Spanish and Portuguese synagogue in Leghorn and Amsterdam|Daly, Charles P.|Orphan Asylum, New York|Schurz, Carl"
352,"Kohler, Kaufmann|Singer, Abram|HaMadrich Al Bamothe Yam Ha-Talmud|Szold, Benjamin"
353,Essay on the Civil Disabilities of the Jews in England|Russian Jews
354,"Piperno, Abraham Benedict"
355,"Francis Joseph, Emperor of Austro-Hungary|Ninth of Ab"
356,Judaism and Christianity: Their Agreements and Disagreements
357,"Lattes, Moses|Levi, Benedict (Chief Rabbi of Ferrar)|Loria, Amos (of Mantua)|Mainster, Abram (of Robigo)|Padua rabbinical college|Vessillo Israelitico|Wise, I. M."
358,"Disasters, natural & man-made"
359,"Graetz, Dr. Heinrich|Translation and Criticism of the Psalms|The Chronicles of the Prophet|The Mind of Michaelangelo|Victor Emmanuel II (King of Italy)"
360,"American Hebrew|Coucy, Moses of: Semag (Sefer Mitzvot Gadol)|Sabbath School Union"
361,"Sabbath School Union|Sonnenschein (of Temple Israel, St. Louis), S. H.|Voorsanger, Jacob"
362,"Reform Judaism, (also ""Neology""/""Gentilism"")"
363,"Montefiore, Moses|Tisza Eszlar|Yom Kippur"
364,American Hebrew|Spanish Inquisition
365,"Wise, I. M."
367,"Evening Call, The"
368,"Orthodox (also ""Mosaism"")|Russian Jews|Wise, I. M."
369,"and Dietary Law|Wise, I. M."
370,"and Dietary Law|Wise, I. M."
371,"Lasker, Edward"
372,"Deborah|Hirsch, Samuel|Kohler, Kaufmann|and Dietary Law|Wise, I. M."
373,"Keneseth Israel|Mendelssohn, Moses|Wise, I. M."
374,"Gesenius, H.|Luzzatto, S.D. Prof.|Wise, I. M."
375,"Herodotus|Wise, I. M."
376,Character of
377,"Mendelssohn, Moses|Smith, Goldwin|Wise, I. M."
378,"Wise, I. M."
379,"Nieto, David|Wise, I. M."
380,"American Hebrew|American Israelite|Basnage, Jacques|Channing|Gibbon, Edward|Character of|Muller, Max|Parker|Unitarianism"
381,"Jerusalem|Wise, I. M."
382,The Trefa Banquet
383,Alliance IsraA?lite Universelle
384,"Alliance IsraA?lite Universelle|Muhr, Simon"
385,"Wise, I. M."
386,"Wise, I. M."
387,"Creating a unified American Rite|Reform Judaism, (also ""Neology""/""Gentilism"")|Wise, I. M."
388,"Wise, I. M."
391,"American Hebrew|Mott, James and Lucretia|Nuova Antologia Della Prosa Italiana Moderna Colla Traduzione A Fronte|Quakers"
392,Pentecost
393,American Hebrew|Pentecost
394,"Perreau, Pietro"
395,"Jacobs, George (Rev.)"
396,"Jacobs, George (Rev.)|Young Men?s Hebrew Association"
397,Passover
398,Succoth
399,Purim
400,"Frazer, Prof.|and Cremation|Public Ledger, The|Social Science Association"
401,"Public Ledger, The|Seperation of Church and State"
402,Constitution|Conference of Rabbis for Jewish Reform
403,Conference of Rabbis for Jewish Reform
404,Yom Kippur
405,"Messianic faith|Public Ledger, The"
406,"Disasters, natural & man-made|Grant, Ulysses S."
407,"Public Ledger, The"
408,"and Fasting|Public Ledger, The|and Dietary Law"
409,Yom Kippur
410,"Female Hebrew Benevolent Society|Hart, Mrs."
411,"Alliance IsraA?lite Universelle|Beth Israel|Beth el Emeth|Cremieux, Isaac Adolphe|Mitchell, Mrs.|Thanksgiving"
412,"McMichael, Morton|Mikveh Israel"
413,"Adler, Felix|Beth Israel|Beth el Emeth|Lilienthal, Dr. M.|Thanksgiving"
416,"Gratz, Rebecca"
417,"McMichael, Morton"
418,"Board of Hebrew Ministers, Philadelphia|Elkin, Dr. M.|Jacobs|North American"
419,Thanksgiving
420,"Penn, William|Pennsylvania, Governor of|Public Ledger, The"
421,Alliance IsraA?lite Universelle|Falashas|North American Review|Young Men?s Hebrew Association
422,"Hallevi, Joseph"
423,"Hoyt, Mr.|Statue of Religious Liberty"
424,"Sternberg, Mr.|Vineland Colony, N.J."
425,"Cohen, Henry|Henry, Mr."
426,"Garfield, James Abram|Jewish Foster Home and Orphan Asylum, Philadelphia"
427,"Garfield, James Abram"
428,"Alatri, Samuel|Mazzini, Joseph|Nathan, Joseph|Nathan, Sarah Levi"
429,"Morais, Nina"
430,Bicentennial|Thanksgiving
431,and Marriage
432,"Adler, Dr. Nathan M. (Chief Rabbi of Great Britain)|Orthodox (also ""Mosaism"")|Morandes, S. H.|Press, The|Smith, Goldwin|Stern, Dr."
433,"Louisa B. Hart Sewing School|VanBeil, Mrs. Emily"
434,"Alliance IsraA?lite Universelle|Montefiore, Moses|Rebecca Gratz School"
435,"Alliance IsraA?lite Universelle|Dropsie, Moses A."
436,Mikveh Israel
437,"Alliance IsraA?lite Universelle|Derenburg, Joseph|Goldschmidt, S. H.|Isidor, Rabbi L.|Lehmann, L.|Leven, N.|Loeb, Isidore M.|Russian Jews|Veneziani, Emanuel"
438,"Mikveh Israel|Rabinowitz, Joel (Cape Town)"
439,American Hebrew|Mikveh Israel
440,American Hebrew|Mikveh Israel
441,"Anti-Semitism|Bismark, Otto von|Lasker, Edward|Treitschke, Prof. Heinrich von|Yom Kippur Before Metz"
442,"Isaacs, Dr. A. S|Isaacs, S. Meyer Rev|Oppenheim, Moritz Daniel"
443,Domestic|Passover
445,Yom Kippur
446,"Domestic|Nicholas, Czar"
447,"Association Review|Eger, Akiba|Elias of Vilna [Elijah / Vilna Gaon]|Harkavy, Albert|Hartenstein, Daniel|Lebensohn, A. D.|Letteris, Mayer M.|Mapu, Abraham"
448,"Smith, Goldwin"
449,"Wise, I. M."
450,May Laws
451,"Guedalla, Hayim"
452,Alliance IsraA?lite Universelle|Ninth of Ab
453,"Graeber, Eisig (of Przemysl)|Luzzatto, S.D. Prof.|Index raison?e des livres de correspondance du feu SD Luzzatto|Rapoport, S.L."
454,"Montefiore, Moses"
455,"Alliance IsraA?lite Universelle|Hirsch, M. C.|Jones, Alfred|Meyerhoff, M. S.|Montefiore, Moses"
456,"American Hebrew|Montefiore, Moses"
457,"Arnold, Matthew|Disasters, natural & man-made|Humbert IV|Lowell, James Russell|Pulpit & politics"
458,"Alliance IsraA?lite Universelle|American Hebrew|Guenee, Abbott"
459,American Hebrew
460,Deborah
461,Alliance IsraA?lite Universelle|American Hebrew
462,American Hebrew|Yom Kippur
463,American Hebrew
464,"Occident, The"
465,"Occident, The"
466,"Hebrew Education Society School|Occident, The"
467,"Keneseth Israel|Jewish Foster Home and Orphan Asylum, Philadelphia|Naumburg, Rev. L.|Occident, The"
468,"Occident, The|Piperno, Abraham Benedict"
469,"Occident, The|Piperno, Abraham Benedict"
470,"Occident, The|Proselytes"
471,"Hebrew Sunday School of Philadelphia|Occident, The"
472,"Luzzatto, S.D. Prof.|Occident, The"
473,"Luzzatto, S.D. Prof.|Occident, The"
474,"Hebrew Sunday School of Philadelphia|Occident, The|History of the Hebrew Second Commonwealth"
475,"Maimonides, Moses|Occident, The|Rapoport, S.L."
476,"Occident, The|Talmud"
477,"Occident, The|Rapoport, S.L."
478,"Occident, The|Rapoport, S.L."
479,"Falashas|Smith, Willaim Robertson"
480,"Falashas|Luzzatto, S.D. Prof.|Smith, Willaim Robertson"
481,"Falashas|Smith, Willaim Robertson"
482,"Falashas|Smith, Willaim Robertson"
483,Falashas
484,Falashas
485,Falashas
486,"Wise, I. M."
487,"Cohen, Emanuel (of Scranton)|Young Men?s Hebrew Association"
489,"Cohen, Emanuel (of Scranton)|Nathan the Wise"
490,"Ingersoll|Muller, Max|Young Men?s Hebrew Association"
491,"Smith, Willaim Robertson|Watts (of Belfast), Prof.|Young Men?s Hebrew Association"
492,"Smith, Willaim Robertson"
493,"Smith, Willaim Robertson"
494,"Smith, Willaim Robertson"
495,"Smith, Willaim Robertson"
496,Hebrew Charitable Fund
497,"Jewish Foster Home Society, Philadelphia"
498,"Jewish Foster Home Society, Philadelphia"
499,"Jewish Foster Home Society, Philadelphia"
500,"Jewish Hospital and Home of the Aged, Philadelphia"
501,Hebrew Sunday School of Philadelphia
502,"Jastrow, Marcus"
503,"Mott, Lucretia"
504,"Graetz, Dr. Heinrich|Moss, E. L.|Neubauer, A."
506,"Moss, Lucien Herbert"
507,"Moss, Joseph L."
508,"Hart, Louisa B."
510,"Hart, Rebecca C."
511,"Moss, Lucien Herbert|Smith, Willaim Robertson"
512,"Hart, Bluma"
513,"Disasters, natural & man-made"
514,Alliance IsraA?lite Universelle
515,"Alliance IsraA?lite Universelle|Sherif of London|Wilberforce, William"
516,Alliance IsraA?lite Universelle
517,Liquor dens|Washington Monument
518,Alliance IsraA?lite Universelle|Purim
519,Alliance IsraA?lite Universelle|American Hebrew|Minister?s Conference
520,"Alliance IsraA?lite Universelle|American Hebrew|Benamozegh, Elias (of Leghorn)|Berliner, Dr. A.|Cohn, Albert|Cremieux, Isaac Adolphe|Graetz, Dr. Heinrich|Hirsch, Moses de|Jewish Ministers Association|Mendelssohn, Moses|Munk, S.|Wessely, Hertz"
522,"Hebrew Literary Society|Rashi|Schiller-Szinessy, S. M."
523,"Hebrew Literary Society|Kimchi, David"
524,"Kimchi, David"
525,"Hirsch, Samuel"
526,"Hebrew Literary Society|Ibn Tibbon, Samuel"
527,"American Hebrew|Kohler, Kaufmann"
528,"American Hebrew|Kohler, Kaufmann"
529,"American Hebrew|Colenso, John William|Kohler, Kaufmann|Kuenen, Abraham|Oort, H.|Old Testament in the Jewish Church"
530,"American Hebrew|Kohler, Kaufmann|Reform Judaism, (also ""Neology""/""Gentilism"")"
531,"American Hebrew|Kohler, Kaufmann"
532,"American Hebrew|Kohler, Kaufmann"
534,"Montefiore, Moses"
535,"Capital punishment|Montefiore, Moses"
536,"Finzi, Mrs. Judith"
537,"Hart, Abraham"
538,"Neuhouse, Delia Rowland"
539,"Rothschild, Esther"
540,Jewish Messenger|Encyclopedia
541,"Jewish Messenger|Perreau, Pietro|Zunz, Leopold"
542,"Jewish Messenger|Perreau, Pietro|Zunz, Leopold"
543,"Grant, Ulysses S."
545,"Mendes, A. P.|Montefiore, Moses"
546,Rosh Hashanah
547,Yom Kippur
548,Public school
549,"American Hebrew|Caro, Victor|Chumaceiro, J.|Frankel, I.|Hebrew Ministers of Philadelphia|Reich, Rev. Leo|Roman ghetto"
550,"Pittsburgh Convention|Reform Judaism, (also ""Neology""/""Gentilism"")"
551,American Hebrew|Pittsburgh Convention
552,"Hendricks, Thomas A."
553,"Benedetti, Salvatore de|Pittsburgh Convention|Reform Judaism, (also ""Neology""/""Gentilism"")"
554,American Jews? Annual
555,Chinese Exclusion Act
556,Spanish and Portuguese synagogue in New York (Shearith Israel)
557,Antologica Israelitica (of Corfu)
558,"Keiley, Ambassador"
560,Hebrew Literary Association|Milchamoth Chobah
561,"Mendelssohn, Moses"
562,"Adret, Solomon ben Abraham|Hebrew Literary Association"
563,Spanish and Portuguese synagogue in New York (Shearith Israel)|Jewish Theological Seminary
564,Gersonides|Hebrew Literary Association
565,"Lambroso, G.|Leghorn|Vessillo Israelitico"
566,Jewish Theological Seminary
567,Jewish Theological Seminary
568,American Hebrew|Jewish Theological Seminary
569,Jewish Theological Seminary
570,"Graeber, Eisig (of Przemysl)|Society for the Prevention of Cruelty to Animals"
571,"Albo, Joseph|Crescas, Hasdai|Hebrew Literary Association"
572,Jewish Theological Seminary|Creating a unified American Rite
573,Society for the Prevention of Cruelty to Animals
574,"Abarbanel, Isaac ben Judah"
575,Jewish Theological Seminary|Philadelphia|Public schools|Public school
576,Passover|Russian Jews
577,"Milligan, Rev. J. C. K."
578,Jewish Theological Seminary
579,"Humboldt, Alexander von|Italian Jewry|Mortara (Chief Rabbi of Mantua), Marco|Tedeschi (of Trieste), Moses|Vessillo Israelitico"
580,Boston|Boston Evening Traveller
581,"American Hebrew|Italian Jewish Liturgy|Luzzatto, S.D. Prof.|Union League (of Philadelphia)|Wilburn, Cora"
582,"American Hebrew|Benedetti, Salvatore de"
583,"Buber, Salomon (of Lemberg)|Ehrenreich, Moses Leve (of Rome)|Graeber, Eisig (of Przemysl)|Halberstam (of Bielitz)|Szold, Benjamin|Tedeschi (of Trieste), Moses"
585,"Public Ledger, The|Thanksgiving"
586,"Arthur, Chester A."
587,"Zunz, Leopold"
588,American Hebrew|Jewish Theological Seminary
589,"American Hebrew|Rodeph Shalom|Frankel, Jacob|Jastrow, Marcus"
590,"American Hebrew|Bonfili, Baron Treves de|Ehrenreich, Moses Leve (of Rome)|Luzzatto, S.D. Prof.|Mortara (Chief Rabbi of Mantua), Marco|Padua rabbinical college|Reggio, Isaac Samuel|Sorani (Chief Rabbi of Cuneo), Moses|Torre (of Luneo), Lelllio Della|Vessillo Israelitico"
591,"Peirce, Judge William S."
592,"Boston Evening Traveller|Marcus, Mrs. Kate"
593,"Briggs, Charles A.|Cheyne, T. K.|Gottheil, Richard|Harper, Robert F.|Harper, William R.|Jewish Exponent (Philadelphia)|Nordell, Philip A.|O?Connor, J. F. X."
594,"Adler (of New York), S.|Guttman, Dr. A. (of Syracuse)|Jewish Exponent (Philadelphia)|Jewish Ministers Association|Kohut, Dr. Alexander|Landsberg, Dr. Max (of Rochester, N. Y.)|Lasker, Rev. (of Boston)|Stern (of Washington), Rev."
595,Jewish Exponent (Philadelphia)
596,"Jewish Exponent (Philadelphia)|Sonnenschein (of Temple Israel, St. Louis), S. H."
597,"Jewish Exponent (Philadelphia)|Loeb, Isidore M."
598,"Alliance IsraA?lite Universelle|Ha-Maggid|Jewish Exponent (Philadelphia)|Lapuya, Isaac Lopez|Loeb, Isidore M.|Spain and the Jews"
599,"Jewish Exponent (Philadelphia)|Meldola|Nieto, David|Sasportas, Jacob|Victoria, Queen"
600,"Jellinek, Dr. Adolph|Jewish Exponent (Philadelphia)|Neuzeit (of Vienna)|Vessillo Israelitico"
601,"American Hebrew|Drachman, Dr. Bernhard|Jewish Women|Kohut, Dr. Alexander|Pereira, Mendes|Sola, Mendes de"
602,"Corri?re Israelitico (of Trieste)|History of the Jews of England in the Eleventh and Twelfth Centuries|Jewish Exponent (Philadelphia)|Perreau, Pietro"
603,"Jewish Exponent (Philadelphia)|Luzzatto, S.D. Prof.|Reggio, Isaac Samuel"
604,"Antologica Israelitica (of Corfu)|Ascarelli, Deborah|Goldschmidt|Graeber, Eisig (of Przemysl)|Jewish Exponent (Philadelphia)|Jewish Theological Seminary|Jewish Women|Levi, G. E. (of Corfu)|Morpurgo, Rachel|Tedeschi (of Trieste), Moses|Hoeel Moshe|Wohelener, Jette"
605,"American Hebrew|Jewish Theological Seminary|Wellhausen, Julius"
606,"Corri?re di Roma|Ezekial, Moses|Jewish Exponent (Philadelphia)|Lara, Countess|Tunstall, Nannie"
607,"Adler, Cyrus|Craig, James A.|Crane, Oliver Turnball|Derenburg, Joseph|Felsenthal, Bernhard (Rabbi)|Gottheil, Richard|Harper, Robert F.|Jewish Exponent (Philadelphia)|Smith, Henry Preserved|Woods, Rev. F. H.|Neim Zemiroth Shmuel"
608,"American Hebrew|Jewish Theological Seminary|Creating a unified American Rite|Land Tenure|Leeser, Rev I.|Minhag (Rite), Sephardic|L.L.D. conferred"
609,"L.L.D. conferred|Public Ledger, The"
610,"L.L.D. conferred|Public Ledger, The"
611,"Adler, Cyrus|American Israelite|L.L.D. conferred"
612,L.L.D. conferred
614,L.L.D. conferred
615,Jewish Exponent (Philadelphia)|L.L.D. conferred|Protestant Theological Faculty of Paris
616,Jewish Exponent (Philadelphia)|L.L.D. conferred
617,"Jewish Chronicle, The (London)|Jewish Exponent (Philadelphia)|L.L.D. conferred"
618,L.L.D. conferred|Union League (of Philadelphia)
619,"Wilburn, Cora"
620,L.L.D. conferred
621,"American Hebrew|Einhorn, Dr.|Kohler, Kaufmann|Kuenen, Abraham|Mendes, H. Pereira|Solis-Cohen, D.|Wellhausen, Julius"
622,"Disasters, natural & man-made|Public Ledger, The|Yom Kippur"
623,"Baum, Esther|Jewish Exponent (Philadelphia)|Yom Kippur"
624,"American Hebrew|Moses Montefiore, New York"
625,"Talmudic Dictionary|Republicanism|Sunday Dispatch, The"
626,Jewish Exponent (Philadelphia)|Phaedon
627,Jewish Exponent (Philadelphia)
628,Jewish Exponent (Philadelphia)|Passover
629,"Brewster, Benjamin Harris|Jewish Exponent (Philadelphia)|Passover"
630,"Moses Montefiore, New York|Guedalia, Moses|Jewish Exponent (Philadelphia)|Marcus, Alfred A.|Mendes, H. Pereira|Montefiore, Moses|Osorio, Isidore|Piza, D. M."
631,"Jewish Exponent (Philadelphia)|Kaas, Catherine"
632,Jewish Exponent (Philadelphia)|Shavuot
633,Jewish Exponent (Philadelphia)
634,"Heilprin, Heilprin|Hirsch, Moses de|Jewish Exponent (Philadelphia)|Kossuth, Louis|Mazzini, Joseph|Seward, Mr.|Sherman, General William T.|Veneziani, Emanuel"
635,Jewish Exponent (Philadelphia)
636,"Bergh, Henry|Jewish Exponent (Philadelphia)"
637,"Frederick III of Prussia|Public Ledger, The"
638,"Adler, Cyrus|Cooper Union|Drachman, Dr. Bernhard|Jewish Exponent (Philadelphia)|Jewish Theological Seminary"
639,"Adonai|Jahweh|Jewish Exponent (Philadelphia)|Renan, Ernest"
640,"Cafarel-Wilson|Credit-Mobilier|Crispi, Francesco|Igel of Lemberg|Jewish Exponent (Philadelphia)|Jewish Foster Home and Orphan Asylum, Philadelphia|Penal Reform|Thanksgiving"
641,"American Hebrew|Ehrenreich, Moses Leve (of Rome)|Jewish Theological Seminary|Luzzatto, S.D. Prof.|Mortara (Chief Rabbi of Mantua), Marco|Torre (of Luneo), Lelllio Della|Wise, I. M."
642,American Hebrew
643,"Chiarini|Childs, George W.|Equestrian statues|Meade, General|Public Ledger, The"
644,Jewish Exponent (Philadelphia)
645,"American Hebrew|Lazarus, Emma"
646,"American Hebrew|Lazarus, Emma"
647,"Allen, Anna|Female Hebrew Benevolent Society|Jewish Exponent (Philadelphia)"
648,Hanuccah|Jewish Exponent (Philadelphia)
649,Alliance IsraA?lite Universelle|Jewish Exponent (Philadelphia)|Purim
650,Jewish Exponent (Philadelphia)
651,"George, Henry|Jewish Exponent (Philadelphia)"
652,"Cassell, David|Edelman, S. R.|Epstein, Dr.|Graetz, Dr. Heinrich|Ha-Kerem|Ha-Melitz|Jewish Exponent (Philadelphia)|Kaufmann, David|Rodner, David|Rosenfeld, S."
653,"Female Hebrew Benevolent Society|Jewish Foster Home and Orphan Asylum, Philadelphia|Raphall, Morris J. Dr."
654,Hebrew Sunday School of Philadelphia|Jewish Exponent (Philadelphia)
655,"Azulai, H. J. D.|Jewish Exponent (Philadelphia)|Ottolenghi, Moses|Piperno, Abraham Benedict"
656,Young Women?s Union
657,"Jewish Exponent (Philadelphia)|Die j?dischen Frauen in der Geschichte, Literatur und Kunst|Meisels, I. S.|Perreau, Pietro"
658,"Jewish Exponent (Philadelphia)|Stapfer, Edmond"
659,"Jewish Exponent (Philadelphia)|Jewish Orphan Asylum at Cleveland, Ohio|Peixotto, B. F."
660,Jewish Exponent (Philadelphia)
661,Jewish Exponent (Philadelphia)
662,Alliance IsraA?lite Universelle|Anglo-Jewish Association|Jewish Exponent (Philadelphia)|Ninth of Ab
663,"Ibn Ezra, Abraham|Jewish Exponent (Philadelphia)|Jerusalem|Society to Prevent Children from Cruelty"
664,"American Hebrew|Drachman, Dr. Bernhard|Jewish Theological Seminary|Lazarus, Emma|and Ritual ""innovation"""
665,"Leo XIII|Leone, Salomon"
666,"Jewish Exponent (Philadelphia)|Sheridan, General"
667,"Jacobs, Henry S.|Jewish Exponent (Philadelphia)"
668,"Aruch Completum|Jewish Exponent (Philadelphia)|Kohut, Dr. Alexander"
669,Jewish Exponent (Philadelphia)|Jewish Theological Seminary
670,"Eichholz, Adolph|Hebrew Literary Society|Jewish Exponent (Philadelphia)|Philippson (of Baltimore), David|Rodriguez, Donna Mayor|Spencer, Herbert|Young Men?s Hebrew Association"
671,Jewish Exponent (Philadelphia)|Rosh Hashanah
672,Jewish Exponent (Philadelphia)|Yom Kippur
673,Jewish Exponent (Philadelphia)|Purim
674,"Alliance IsraA?lite Universelle|Cremieux, Isaac Adolphe|Jewish Exponent (Philadelphia)"
675,"Hebrew Literary Society|Hoffman, Charles|Hoffman, David|Jewish Exponent (Philadelphia)|Lederer, Ephraim|Weil, Jacob"
676,"American Hebrew|Hirsch, Moses de|Marranos of Hamburg|Veneziani, Emanuel"
677,"Ha-Maggid|Hirsch, D. Gordon|Hirsch, Moses de|Mendes, H. Pereira|Racah, Prof. Leon|Veneziani, Emanuel"
678,"Hirsch, Moses de|Sunday Dispatch, The|Veneziani, Emanuel"
679,"Hirsch, Moses de|Public Ledger, The|Veneziani, Emanuel"
680,"Alliance IsraA?lite Universelle|Hirsch, Moses de|Jewish Exponent (Philadelphia)|Montefiore, Moses|Veneziani, Emanuel"
681,"Alatrini|Benedetti, Salvatore de|Fiorentino, Abram & Samuel|Heilprin, Heilprin|Hirsch, Moses de|Montefiore, Moses|Morais, Henry S.|Public Ledger, The|Veneziani, Emanuel|Veneziani, Victor"
682,"Alliance IsraA?lite Universelle|Corri?re Israelitico (of Trieste)|Hirsch, Moses de|Jewish Exponent (Philadelphia)|Racah, Prof. Leon"
683,"Corri?re Israelitico (of Trieste)|Ibn Ganach, Jonah|Jewish Exponent (Philadelphia)|Perreau, Pietro"
684,Jewish Exponent (Philadelphia)|Purim
685,"Bohne, Johanna von|Jewish Exponent (Philadelphia)|Le France Juive"
686,Home for Aged and Infirm Israelites
687,"Jewish Exponent (Philadelphia)|and Ritual ""innovation"""
688,"Arthur, Chester A.|Jewish Exponent (Philadelphia)|London Times|Pigott|Webster"
689,"Jewish Exponent (Philadelphia)|Murrell, Captain Hamilton|Washington, George"
690,Jewish Exponent (Philadelphia)
691,"Carmel Colony|Jewish Exponent (Philadelphia)|Vineland Colony, N.J."
692,Jewish Exponent (Philadelphia)
693,Menorah Monthly
694,"Hebrew|Menorah Monthly|Sonnenschein (of Temple Israel, St. Louis), S. H."
695,Hebrew|Hebrew Literary Society|Menorah Monthly
696,Hebrew|Menorah Monthly
697,"Benamozegh, Elias (of Leghorn)|Castellar: Castelli, David|Graetz, Dr. Heinrich|Steinschneider, Moritz"
698,American Hebrew|Creating a unified American Rite
699,Jewish Exponent (Philadelphia)|Torres
700,"American Hebrew|Leeser, Rev I.|and Ritual ""innovation""|Wise, I. M."
701,"Alatri, Samuel|Benamozegh, Elias (of Leghorn)|Cohn, Albert|Mazzini, Joseph|Menorah Monthly|Metternich, Prince C.|Piperno, Abraham Benedict|Portuguese Orphan School|Rosselli family"
702,"Artom, Isaac|Cavalieri, E.: Cavour, C.|Maurogonato, Isaac Pesaro|Menorah Monthly|Victor Emmanuel II (King of Italy)"
703,"Malvano, Alessandro|Menorah Monthly|Morais, Henry S.|New York Herald"
704,"Massarani, Tullo|Menorah Monthly|Montefiore, Moses|Rothschild, Alphonse de|Verdi, Guiseppe (of Casale, Italy)"
705,"Ascoli, Graziadio|Illustrazione Italiane|Luzzatto, S.D. Prof.|Massarani, Tullo|Menorah Monthly|Renan, Ernest"
706,"Ascoli, Graziadio|Levi, David (of Turin)|Menorah Monthly"
707,"Bruno, Giordano|La Nazione|Levi, David (of Turin)|Menorah Monthly"
708,"Arbib Family (Edoardo, Giacomo & Lelio)|Corri?re Israelitico (of Trieste)|Fould|Gazzetta de Montova|Luzzatti, Luigi|Menorah Monthly"
709,"Franchetti, Alberto|Franchetti, Augusto|Franchetti, Guiseppe|Franchetti, Odoardo|Menorah Monthly"
710,"Arbib Family (Edoardo, Giacomo & Lelio)|Fontana, Ferdinando|Franchetti, Alberto|Menorah Monthly"
711,"American Hebrew|Rapoport, S.L.|Encyclopedia"
712,"Adler, Dr. Nathan M. (Chief Rabbi of Great Britain)|Jewish Exponent (Philadelphia)"
713,"Adler, Herman|Alliance IsraA?lite Universelle|Anglo-Jewish Association|Goldsmid, Franics|Goldsmid, Julian|Isaacs, Henry Aaron|Jewish Exponent (Philadelphia)|London Jewish Press|London?s Jewish Lord Mayor|Montefiore, Moses|Rothschild, Lionel de|Salomons, David"
714,Jewish Exponent (Philadelphia)|Jewish Theological Seminary
715,Jewish Theological Seminary
716,"Hirsch, Moses de|Public Ledger, The|Randall, Samuel J."
717,"Gottheil, [Gustav] Dr.|Hirsch, Moses de|Jewish Exponent (Philadelphia)"
718,Cloakmakers Strike|Cloakmakers Union
719,"Russian Jews|Smith, Charles Emory"
720,"Berkowitz, Henry|Gellat, Roland B.|Proselytes"
721,th Birthday
722,Jewish Exponent (Philadelphia)|Yom Kippur
723,"Hebrew Sunday School of Philadelphia|Hirsch, Moses de|Jewish Exponent (Philadelphia)|Jewish Theological Seminary|Mendelssohn, Moses|Philips, Ellen"
724,"Jewish Exponent (Philadelphia)|Wise, I. M."
725,"Colenso, John William|Higher biblical criticism|Jewish Exponent (Philadelphia)|Smith, Willaim Robertson"
726,"Argentina|Jewish Exponent (Philadelphia)|th Birthday|See, Abraham|Sonnenfeld, Dr."
727,"Benedetti, Salvatore de|Jewish Exponent (Philadelphia)"
728,Rodeph Shalom|Jewish Exponent (Philadelphia)
729,"Hebrew Education Society School|Jewish Exponent (Philadelphia)|Philips, Ellen|Rosh Hashanah"
730,"Higher biblical criticism|Jewish Theological Seminary|Loeb, Moritz"
731,"Adler, Cyrus|American Hebrew|Jewish Theological Seminary|Mendes, H. Pereira"
732,"Arthur, Chester A.|Burlingame, Mr.|Chinese Exclusion Act|Parkhurst, Dr.|Public Ledger, The|Pulpit & politics"
733,"Caro, Victor|Illowizi, Henry|and Ritual ""innovation""|Wise, I. M."
734,"Higher biblical criticism|Mazzini, Joseph|Renan, Ernest"
735,"Cleveland, Grover|Harrison, [Benjamin]|Public Ledger, The|Thanksgiving"
736,"Bardsley, John|Frederic, Harold|Hertz, Joseph H.|Herz, Joseph (see Hertz, Joseph H.):|Industrial School|Leroy-Beaulieu|Public Ledger, The|Thanksgiving"
737,Jewish Messenger|Jewish Theological Seminary|Thanksgiving
738,"Castiglioni, Victor|Manin, Daniel|Maurogonato, Isaac Pesaro|Victor Emmanuel II (King of Italy)"
739,"Chicago (""The White City"")|Harrison, Carter H.|Liberty Bell|Public Ledger, The|Reggio, Abraham"
740,New Orleans
741,Slum clearance
742,"Gladstone, William|Criminality in"
743,"Tiferet Israel|Hebrew|Jewish Theological Seminary|and Ritual ""innovation"""
744,American Hebrew|Astruc|Higher biblical criticism|Jewish Theological Seminary
745,"Philips, Ellen|Criminality in"
746,"Beaconsfield, Lord|Macaulay, Thomas B.|Madison, James|Smith, Goldwin|Solis-Cohen, D.|Solomon, Hayim|Sulzberger, Mayer"
747,"Mazzini, Joseph|Renan, Ernest"
749,"Blumenthal, Joseph|Drachman, Dr. Bernhard|Jewish Theological Seminary|Kohut, Dr. Alexander|Mendes, H. Pereira"
750,"Hartogensis, B. H.|Hebrew Sunday School of Philadelphia|Jewish Exponent (Philadelphia)"
751,Jewish Theological Seminary|Morais Library
752,"Cohen, Arthur|Cremieux, Isaac Adolphe|Episcopal Clerical Brotherhood|Fould|Jessel, George|Russian Jews|Victor Emmanuel II (King of Italy)"
753,"Illowizi, Henry|World?s Fair"
754,"Jewish Exponent (Philadelphia)|Turetzki, Israel"
755,"Ezekial, Moses|Italian Jewish Liturgy|Russian Jews"
756,"Hebrew catechism|Ottolenghi, Moses"
757,Carmel Colony
758,"Jewish Theological Seminary|Philips, Ellen"
759,Poor Jews|Yom Kippur
760,Jewish Theological Seminary
761,"Adler|Emanuel Preparatory School|Emanuel Theological Seminary|Huebsch, Dr.|Jewish Theological Seminary|Kohler, Kaufmann"
762,"Harrison, [Benjamin]"
763,Emunath Israel-Oheb Shalom|Krause
764,"Brooks, Bishop Phillips"
765,Alliance IsraA?lite Universelle
766,"Ottolenghi, Moses"
767,"Mendelssohn, Moses|Yom Kippur"
768,Chinese Exclusion Act|Jewish Exponent (Philadelphia)|Thanksgiving
769,Creating a unified American Rite
770,Jewish Exponent (Philadelphia)
771,"Jones, Jessica"
772,Beth Israel
773,"Loeb, Moritz"
774,"Marcus, Mrs. Kate"
775,"Mayer, Samuel"
776,"Jones, Alfred"
777,"Chiarini|Childs, George W.|Public Ledger, The"
778,"Chiarini|Childs, George W.|Public Ledger, The"
779,"Aruch Completum|Jewish Exponent (Philadelphia)|Kohut, Dr. Alexander"
780,"American Hebrew|Blumenthal, Joseph|Hertz, Joseph H.|Herz, Joseph (see Hertz, Joseph H.):|Jewish Theological Seminary|Mendes, H. Pereira|Speaker, Henry D.|Wittenberg, David H."
781,"American Hebrew|Blumenthal, Joseph|History of the Jews|Guinsburg, Theodore|Hertz, Joseph H.|Herz, Joseph (see Hertz, Joseph H.):|Jewish Theological Seminary|Kohut, Dr. Alexander|Schmid, Anton"
782,"Almansi|Cantoni, Lelio|Castiglioni, Victor|Formiggini, Saul|Ghirondi, Marco S.|Jewish Messenger|Lolli, S. V.|Luzzatto, Philoxene|Reggio, Isaac Samuel|Tedeschi (of Trieste), Moses|Treves, Sabato Graziado|Trieste|Zambelli, Dr.|Zelman, Samuel V."
783,"Alliance IsraA?lite Universelle|Cochebe Yizchak|Emek Achor|Frankl, Ludwig A.|Jewish Messenger|Luzzatto family|Morpurgo, Rachel|Stern, Mandel|Torre (of Luneo), Lelllio Della|Ugav Rachel"
784,"American Hebrew|Hebrew Bible|Oriental|Ruskay, Esther J.|Yom Kippur"
785,"Jewish Exponent (Philadelphia)|O?Reilly, May A.|Poor Jews|Public Ledger, The|Sweating System|Yom Kippur"
786,Jewish Exponent (Philadelphia)|Sweating System
787,"American Hebrew|Hertz, Joseph H.|Herz, Joseph (see Hertz, Joseph H.):"
788,"Hertz, Joseph H.|Herz, Joseph (see Hertz, Joseph H.):|Jewish Exponent (Philadelphia)|and Ritual Slaughter|Preyer, Prof.|Reymond, Emil du Bois|The Jewish Method of Slaughter, Compared with other Methods, from the Sanitarian Hygienic and Economic Points of View|Virchow, Rudolph"
789,"Dembo, J. A.|Jewish Exponent (Philadelphia)|Society for the Prevention of Cruelty to Animals|White, Caroline Earle"
790,"Jewish Exponent (Philadelphia)|Muhr, Simon|Sylva, Carmen|Thanksgiving"
791,"Muhr, Simon"
792,Gratz College
793,"Friedman, Emil|Hertz, Joseph H.|Herz, Joseph (see Hertz, Joseph H.):|Jewish Theological Seminary|Speaker, Henry D.|Wittenberg, David H."
794,Civic patriotism|Criminality in
795,Jewish Exponent (Philadelphia)|Thanksgiving
796,Rosh Hashanah
797,"Cohen, Henry|Frankel, Lee K.|Griggs, Governor|Hoffman, Senator|Leipziger, Henry M.|Salzburg, Dr.|Vincent, John H."
798,American Hebrew|Sabbath Observance Association
799,American Hebrew|Spanish and Portuguese synagogue in New York (Shearith Israel)
800,American Hebrew|The Bible for Home Reading
801,"Bikkurei Ha-Ittim|Erekh Millin|Jellinek, Dr. Adolph|Kerem Chemed|Rapoport, S.L.|Schmid, Anton"
803,"American Hebrew|Friedman, Emil|Hertz, Joseph H.|Herz, Joseph (see Hertz, Joseph H.):|Jewish Theological Seminary|Speaker, Henry D.|Wittenberg, David H."
804,American Hebrew|Cantarini Family
805,"Baroway, S.|Felsenthal, Bernhard (Rabbi)|Josephson, J.|Klein, Moses|Levy, J. Leonard|Zionism"
806,American Hebrew|Morais Library|th Birthday
807,th Birthday
808,th Birthday
809,Jewish Exponent (Philadelphia)|th Birthday
810,Jewish Exponent (Philadelphia)|th Birthday
811,Jewish Exponent (Philadelphia)|Morais Library|th Birthday
812,Jewish Messenger|th Birthday
813,th Birthday
814,th Birthday
815,Jewish Exponent (Philadelphia)|th Birthday
816,"Lincoln, Abraham|Washington, George"
817,"Chinese Exclusion Act|Public Ledger, The"
818,"Chinese Exclusion Act|City of Brotherly Love|Public Ledger, The"
819,th Birthday
820,"Blumenthal, Joseph|Drachman, Dr. Bernhard|Hertz, Joseph H.|Herz, Joseph (see Hertz, Joseph H.):|Jacobs, Henry S.|Kohut, Dr. Alexander|Maisner, Moses|Mendes, Dr. F. De Solla|Mendes, H. Pereira|Morais Library|th Birthday|Public Ledger, The"
821,"Abolitionism|th Birthday|Public Ledger, The"
822,Jewish Messenger|Jewish Theological Seminary
823,th Birthday
825,Jewish Messenger|Jewish Theological Seminary|th Birthday
826,American Hebrew|th Birthday
827,"Abolitionism|Blumenthal, Joseph|Drachman, Dr. Bernhard|Jacobs, Henry S.|Kohut, Dr. Alexander|Maisner, Moses|Mendes, Dr. F. De Solla|Mendes, H. Pereira|Morais Library|th Birthday"
829,"Feinberg, Isaac|Fleischman, Rev. S. M.|Gans, Solomon|Hunt, Isaac|Hyneman, Samuel|Illowizi, Henry|Jewish Exponent (Philadelphia)|Jewish Theological Seminary|Mastbaum, Levi|Mayer, Lazarus|th Birthday|Morris, William|Solis, David"
830,"Lincoln, Abraham|th Birthday|Public Ledger, The|Washington, George"
