label,pid,pages
"1881-1882, responses to",term443,312|314
A Critical and Hermeneutical Introduction to the Pentateuch,term626,165|167|168|169|170|171|172|173|176|178|179
"Abarbanel, Isaac ben Judah",term884,3|574
Abd-al-Rahman III,term290,186
Abolitionism,term503,29|40|821|827
"Abraham, Barnet",term15,252
Abudarham,term407,222
"Adams, John",term422,128
Adas Israel,term722,71
Adler,term100,761
"Adler (of Chicago), L.a",term265,285
"Adler (of New York), S.",term537,594
"Adler, Abraham",term11,253
"Adler, Cyrus",term915,607|611|638|731
"Adler, Dr. Nathan M. (Chief Rabbi of Great Britain)",term751,45|198|284|432|712
"Adler, Felix",term547,413
"Adler, Herman",term365,318|713
Adonai,term633,639
"Adret, Solomon ben Abraham",term895,562
Agricultural Schools,term387,272
"Aguilar, Emanuel: The Ancient Melodies of the Spanish and Portuguese Jews",term933,346
"Alatri, Samuel",term523,428|701
Alatrini,term461,254|681
"Albo, Joseph",term766,571
Alexandria,term169,317
"Allen, Anna",term564,291|647
Alliance IsraA?lite Universelle,term59,105|175|214|223|237|239|254|256|257|258|272|278|284|285|286|304|308|312|335|338|383|384|411|421|434|435|437|452|455|458|461|514|515|516|518|519|520|598|649|662|674|680|682|713|765|783
Almansi,term293,127|270|782
American Catholic Quarterly Review,term14,163
American Hebrew,term707,301|306|313|333|336|337|349|360|364|380|391|393|439|440|456|458|459|461|462|463|519|520|527|528|529|530|531|532|549|551|568|581|582|588|589|590|601|605|608|621|624|641|642|645|646|664|676|698|700|711|731|744|780|781|784|787|798|799|800|803|804|806|826
American Israelite,term659,129|130|131|132|135|136|138|139|141|380|611
American Jewish Advocate,term68,345
American Jews? Annual,term300,554
and Cremation,term53,400
and Dietary Law,term355,369|370|372|408
and Fasting,term147,408
and Marriage,term787,431
and Modernising,term34,87
"and Ritual ""innovation""",term334,96|130|131|132|135|136|139|141|143|273|664|687|700|733|743
and Ritual Slaughter,term637,45|788
and social virtue,term561,34
and Synagogue Music,term712,62
and the Occult,term926,56
Anglo-Jewish Association,term475,662|713
Anglo-Jewry,term214,143|184
Anshe Hashem,term752,49
Anti-Semitic League,term64,280
Anti-Semitism,term495,294|303|441
Anti-Semitism and its good effect,term716,38
Antologica Israelitica (of Corfu),term762,185|322|334|557|604
"Arbib Family (Edoardo, Giacomo & Lelio)",term631,708|710
"Architecture, see",term658,17
Archives Isra?lites de France,term819,49
Archivolti,term429,40
Argentina,term182,726
"Armhold, W.",term145,259
"Arnold, Matthew",term953,457
"Arthur, Chester A.",term437,586|688|732
"Artom, Isaac",term80,39|213|702
Aruch Completum,term388,113|668|779
As advance troops of Universal Emancipation,term548,31
as language of prayer,term35,109|135|136|138|174
"Ascarelli, Deborah",term796,604
"Ascher, Rev. Simon",term516,103
"Ascoli, Graziadio",term826,322|705|706
"Ascoli, Raphael",term281,345
Asmonean,term258,1|3|4|5|6|7|8
Association Review,term779,181|447
Astruc,term720,744
Atlanta,term149,28
"Aufrecht, Mr.",term731,217
Autobiography,term174,190|191|192|193|194|196|197|199|200|201|203|204
"Azulai, H. J. D.",term127,655
"Bacon, Francis",term197,199
Balmesi,term827,127
Bamberger,term691,278
"Bancroft, George",term807,331
Bandiera brothers,term788,26|61
"Bardsley, John",term390,736
"Baroway, S.",term846,805
"Basnage, Jacques",term813,380
"Baum, Esther",term175,623
"Bayle, Pierre",term939,49
"Beaconsfield, Lord",term890,746
"Beer, Bernard",term257,307
"Ben Labrat, Dunash",term226,187|188
"Ben Salomo, Immanuel",term648,228
"Ben Sangadun, Jacob",term186,340
Ben-Jacob,term672,233
"Benamozegh, Elias (of Leghorn)",term782,105|520|697|701
Bene Yeshurun,term628,181
"Benedetti, Salvatore de",term466,127|322|553|582|681|727
"Benvenisti, Dr. Nathan",term430,204
"Bergh, Henry",term311,45|636
"Berkowitz, Henry",term381,720
"Berlin, Isaiah (of Breslau)",term974,192|208
"Berliner, Dr. A.",term772,228|325|520
"Bernstein, A.",term597,259
Beth el Emeth,term394,411|413
Beth Ha-Ozar,term579,188
Beth Israel,term950,411|413|772
Bicentennial,term231,309|330|430
Bikkurei Ha-Ittim,term518,270|801
Biography of Mendelsohn,term645,337
"Bismark, Otto von",term539,175|278|441
"Bloch & Co., Messrs (Publishers)",term113,295
"Bloch, S.: La Foi d?Israel",term756,276
"Blumenthal, Dr. Mark",term894,310
"Blumenthal, Joseph",term878,749|780|781|820|827
Bnai Brith,term307,164
"Board of Deputies, British",term77,257
"Board of Education, Philadelphia",term4,133
"Board of Hebrew Ministers, Philadelphia",term152,133|418
"Bohne, Johanna von",term215,685
"Bomeisler, L.",term230,291
"Bonaparte, Napoleon",term984,61|190|342
"Bonfili, Baron Treves de",term698,590
Boston,term223,74|75|580
Boston Evening Traveller,term481,580|592
"Boston Index, The",term194,202
Boulogne,term546,103
"Breidenbach, Rev. J.",term118,17
"Brewster, Benjamin Harris",term318,629
"Briggs, Charles A.",term977,593
Brill,term530,271
"Brooks, Bishop Phillips",term921,764
"Bruno, Giordano",term191,707
"Buber, Salomon (of Lemberg)",term966,583
"Buchanan, James",term279,280
"Burlingame, Mr.",term592,732
"Busch, Isidore",term847,190|201
Cafarel-Wilson,term531,640
Camondo,term852,214|254
Cantarini Family,term244,235|804
"Cantoni, Lelio",term272,782
Capital punishment,term487,30|55|535
"Carey, Henry C.",term151,251
Carmel Colony,term612,691|757
"Caro, Victor",term734,549|733
"Carvalho, Emanuel Nunes",term9,340
"Cassell, David",term263,652
"Castel-Bolognesi, Angelo",term117,265
"Castelar, Emilio",term961,108
"Castellar: Castelli, David",term573,111|347|697
"Castiglioni, Victor",term605,738|782
Castner,term829,92
Castner Old Rome and New Italy,term431,296
"Cavalieri, E.: Cavour, C.",term240,39|702
Centennial [1876],term646,144|145
Centennial City,term368,162
Chalizah,term842,18
"Chalmers, Dr.",term141,21
"Chalmers, Dr. Mamzer, law of the",term28,19|20|21
Channing,term877,380
Character of,term136,134|376|380
Characters and Manners,term243,196
Charity,term651,8|35|304
Charles III (King of Spain),term178,267
Cherry Street,term521,291
"Cheyne, T. K.",term642,593
Chiarini,term137,163|643|777|778
"Chicago (""The White City"")",term888,739
"Childs, George W.",term657,643|777|778
Chinese Exclusion Act,term458,231|555|732|768|817|818
Chizzuk Emunah,term621,105
"Chorin, Aaron",term703,36|62
Chrestomathy,term51,211
Christian evangelism,term476,37|38|59
"Chumaceiro, J.",term111,549
"Cincinnati (""Queen City"")",term800,217|277
Cincinnati College,term528,157
City of Brotherly Love,term8,818
City of Fidelity,term177,7
City of Homes,term297,309
City of Love,term816,7
City of Righteousness,term638,7
Civic patriotism,term1009,794
Civil War,term386,22|23|24|25|26|28
"Cleveland, Grover",term676,735
Cloakmakers Strike,term164,718
Cloakmakers Union,term603,718
"Cobden, William",term354,61
Cochebe Yizchak,term103,783
"Cogalniceano, Minister",term396,262
"Cohen, Abraham Hyman",term20,340
"Cohen, Arthur",term584,752
"Cohen, Emanuel (of Scranton)",term577,487|489
"Cohen, Hartwig",term508,340
"Cohen, Henry",term483,425|797
"Cohen, Jacob Raphael",term845,340
Cohens,term928,340
"Cohn, Albert",term301,186|226|239|239|270|287|288|520|701
"Colenso, John William",term901,529|725
"Condillac, Etienne Bonnot de",term802,193
"Confederacy, The",term432,29
Conference of Rabbis for Jewish Reform,term404,402|403
Congress of Berlin,term502,219
"Congress of Orientalists, Florence",term689,322
Constitution,term891,402
"Constitution, American",term717,7|47|58
"Constitution, American: Christianizing",term669,47|58
Cooper Union,term371,638
Copperheads,term176,28
Corbin,term112,238
Corri?re di Roma,term217,606
Corri?re Israelitico (of Trieste),term314,233|602|682|683|708
Cortes,term815,262
"Coucy, Moses of: Semag (Sefer Mitzvot Gadol)",term79,360
"Craig, James A.",term399,607
"Crane, Oliver Turnball",term237,607
Creating a unified American Rite,term790,32|34|36|130|139|387|572|608|698|769
Credit-Mobilier,term96,640
Creeds and Opinions,term726,9
Cremation,term661,110|264
"Cremieux, Isaac Adolphe",term491,214|254|257|258|260|262|411|520|674|752
"Crescas, Hasdai",term220,571
Criminality in,term37,742|745|794
"Crispi, Francesco",term524,640
Crown Street,term806,17
Cuba,term861,108
"D?Aboddie, M.",term903,186
"D?Harcourt, Duke",term43,61
"Daly, Charles P.",term682,351
Dante Alighieri,term545,26
"Davids, Arthur Lumley",term86,181|184
Day of Atonement (painting),term1030,280
Deborah,term865,372|460
"Delitzch, Franz",term414,39
"Dembo, J. A.",term198,789
"Derenburg, Joseph",term759,177|437|607
"Deutsch, Dr.",term905,310
"Deutsch, Emanuel",term27,163
"Die j?dischen Frauen in der Geschichte, Literatur und Kunst",term146,657
"Disasters, natural & man-made",term425,2|31|42|44|61|74|75|358|406|457|513|622
Discourse on the Resurrection of the Dead,term820,11|12|13|14|15|241
Divrei Shir,term843,268
Domestic,term324,8|443|446
"Donnolo, Sabbatei",term309,111
"Donolo, I.",term972,111|190
"Drachman, Dr. Bernhard",term54,601|638|664|749|820|827
"Drexel, A. J.",term602,313
"Dropsie, Moses A.",term352,435
Dukes family,term941,36|204
"Edelman, S. R.",term21,652
"Eger, Akiba",term484,447
"Ehrenreich, Moses Leve (of Rome)",term499,583|590|641
"Eichholz, Adolph",term674,670
"Einhorn, Dr.",term854,621
"Eisenmenger, J. A.",term1032,163
Elias of Vilna [Elijah / Vilna Gaon],term82,447
"Eliot, George: Daniel Deronda",term1022,198
Elizabethgrad,term608,304
"Elkin, Dr. M.",term1,71|90|259|418
Emanuel,term595,190
Emanuel Preparatory School,term571,761
Emanuel Theological Seminary,term135,761
Emek Achor,term366,783
Emigrant Aid Society of New York,term914,320
Emunath Israel-Oheb Shalom,term942,763
Encyclopedia,term811,50|53|54|540|711
Endelmann family,term442,36
English antagonism,term663,7
Entente cordiale,term56,61
Episcopal Clerical Brotherhood,term409,752
"Eppinger, W.",term276,217
"Epstein, Dr.",term327,217|652
Equestrian statues,term902,643
Erekh Millin,term67,801
Essay on the Civil Disabilities of the Jews in England,term183,353
"Etheridge, J. W.: Pentateuchal Targumim",term670,208
"Etting, Ruben",term893,17
"Euchel, Isaac: Life of Mendelssohn",term438,196
"Evening Call, The",term380,367
Everett,term879,29
"Ewald, H.",term148,39|194|313
"Ezekial, Moses",term909,164|166|606|755
Falashas,term454,186|421|479|480|481|482|483|484|485
"Faustmann, Bernhardt H.",term205,308
"Feinberg, Isaac",term85,829
"Felsenthal, Bernhard (Rabbi)",term1002,607|805
Female Beneficial Society,term647,249
Female Benevolent Association,term110,291
Female Hebrew Benevolent Society,term40,410|647|653
Ferarra,term640,328
"Filipowsky, Herschell",term159,188
"Finzi, Mrs. Judith",term541,536
"Fiorentino, Abram & Samuel",term295,681
"Fleischman, Rev. S. M.",term356,829
"Florance, Hannah",term769,291
Foltischeni (Moldavia),term804,262
"Fontana, Ferdinando",term742,710
"Formiggini, Saul",term946,191|194|203|204|782
Fornakari:,term213,316
Fould,term598,262|708|752
"Fox, Daniel M.",term840,71
"Fox, George",term596,309
"France, Central Consistory of",term401,273
"Franchetti, Alberto",term268,709|710
"Franchetti, Augusto",term611,709
"Franchetti, Guiseppe",term830,709
"Franchetti, Odoardo",term55,709
"Francis I, King",term398,204
"Francis Joseph, Emperor of Austro-Hungary",term697,355
Franck,term316,262
Franco-Prussian War,term167,57|61
"Frankel, I.",term157,549
"Frankel, Jacob",term935,259|589
"Frankel, Lee K.",term836,797
"Frankel, Zecheriah",term871,226|233|283
"Frankl, Ludwig A.",term274,783
"Franklin, Benjamin",term650,142
"Franks, Levi",term72,17
"Franz Ferdinand, Archduke",term1026,190
Fraud charge,term417,38
"Frazer, Prof.",term179,400
Frederic the Great,term170,10
"Frederic, Harold",term912,736
Frederick III of Prussia,term344,637
"Freeman, E. A.",term473,182
"Friedenwald, A.",term1005,85
"Friedman, Emil",term379,793|803
Fuel Society,term617,249
Galicia,term565,49
"Gans, Daniel",term7,8
"Gans, Solomon",term786,829
"Garfield, James Abram",term456,293|297|298|426|427
"Garibaldi, Guiseppe",term534,57
Gazzetta de Montova,term783,708
"Geiger, Abraham",term63,226|285
"Gellat, Roland B.",term349,720
"George, Henry",term513,651
Gersonides,term586,564
"Gesenius, H.",term685,40|194|280|374
Gessner,term724,270
"Ghirondi, Marco S.",term298,782
"Gibbon, Edward",term317,380
"Ginzburg, Raphael W.",term373,192
Gironti (of Brescia),term978,192
"Gladstone, William",term470,742
"Goldammer, Dr.",term519,217|241
Goldschmidt,term923,604
"Goldschmidt, S. H.",term283,437
"Goldsmid, Franics",term125,713
"Goldsmid, Julian",term620,713
"Gottheil, [Gustav] Dr.",term944,264|717
"Gottheil, Richard",term538,593|607
"Graeber, Eisig (of Przemysl)",term771,319|323|453|570|583|604
"Graetz, Dr. Heinrich",term1013,118|279|288|359|504|520|652|697
"Grant, Ulysses S.",term131,406|543
Gratz College,term328,792
Gratz family,term869,340
"Gratz, Michael",term932,17
"Gratz, Rebecca",term260,17|291|292|416
"Gratz, Simeon",term841,17|140
"Greely, Horace",term837,89
"Green, Rev. A. L.",term460,103
"Griggs, Governor",term517,797
"Guedalia, Moses",term590,630
"Guedalla, Hayim",term683,451
"Guenee, Abbott",term936,458
"Guinsburg, Theodore",term232,781
"Guttman, Dr. A. (of Syracuse)",term568,594
Ha-Kerem,term753,652
Ha-Maggid,term31,48|94|294|598|677
Ha-Melitz,term310,652
Ha-Oheb,term200,334
"Hahn, Dr. Aaron (of Cleveland)",term70,264|279
Halberstam (of Bielitz),term1001,583
Halevy,term951,262
Hallevi,term83,39
"Hallevi, Joseph",term239,422
HaMadrich Al Bamothe Yam Ha-Talmud,term828,352
Hamburg,term600,62
Hanuccah,term490,99|255|277|308|648
"Harkavy, Albert",term259,447
"Harper, Robert F.",term275,593|607
"Harper, William R.",term1036,593
"Harrison, [Benjamin]",term764,735|762
"Harrison, Carter H.",term785,739
"Hart, Abraham",term88,537
"Hart, Abram L.",term833,249
"Hart, Bluma",term467,512
"Hart, Louisa B.",term862,291|508
"Hart, Mrs.",term89,410
"Hart, Rebecca C.",term434,291|510
"Hart, Sara H.",term665,27
"Hartenstein, Daniel",term219,447
"Hartog, Numa Edward",term185,184
"Hartogensis, B. H.",term634,750
"Hassler, Mark",term821,17
Hebrew,term1014,109|694|695|696|743
Hebrew Bible,term655,784
Hebrew Calendar,term292,63
Hebrew catechism,term134,756
Hebrew Charitable Fund,term251,496
Hebrew Education Society School,term224,77|90|109|157|466|729
Hebrew Emigrant Society,term624,324
Hebrew Literary Association,term746,560|562|564|571
Hebrew Literary Society,term66,522|523|526|670|675|695
Hebrew Ministers of Philadelphia,term428,549
Hebrew Relief Association,term711,35
"Hebrew Review, The",term50,181|277|281|282|283|285
Hebrew Sunday School of Philadelphia,term412,471|474|501|654|723|750
Hebrew Union College (Cincinnati),term441,216|349
"Heilprin, Heilprin",term26,634|681
"Hendricks, Thomas A.",term554,552
"Henry, Michael",term601,184
"Henry, Mr.",term5,425
"Herder, J. G.",term1017,339
Herodotus,term881,375
"Hertz, Joseph H.",term740,736|780|781|787|788|793|803|820
"Herz, Joseph (see Hertz, Joseph H.):",term613,736|780|781|787|788|793|803|820
Herzfeld,term166,288
"Hess, Mr.",term439,217
Higher biblical criticism,term39,3|4|16|17|725|730|734|744
"Hirsch, D. Gordon",term510,677
"Hirsch, M. C.",term71,455
"Hirsch, Moses de",term880,214|237|520|634|676|677|678|679|680|681|682|716|717|723
"Hirsch, Samuel",term803,52|71|237|342|344|372|525
Historical Memoirs of the Hebrew Community of Ferrara,term911,265
History of the Hebrew Second Commonwealth,term321,474
History of the Jewish Nation,term241,3|40
History of the Jews,term350,781
History of the Jews of England in the Eleventh and Twelfth Centuries,term99,602
Hitzig,term46,313
Hoeel Moshe,term763,311|604
"Hoffman, Charles",term264,675
"Hoffman, David",term851,675
"Hoffman, Senator",term3,797
"Holdheim, I.",term280,9
Home for Aged and Infirm Israelites,term643,686
"Hoyt, Mr.",term556,423
"Huebsch, Dr.",term270,264|761
Humbert IV,term342,457
"Humboldt, Alexander von",term436,579
"Hunt, Isaac",term448,829
"Hurt, Abraham",term104,208
"Hyneman, Samuel",term831,829
"Ibn Ezra, Abraham",term16,3|5|6|40|663
"Ibn Ganach, Jonah",term364,40|683
"Ibn Saruq, Menachem ben Jacob",term744,187|188
"Ibn Shaprut, Hisdai",term749,186|188
"Ibn Tibbon, Samuel",term488,526
Igel of Lemberg,term718,640
"Ignatieff, Count Nikolai Pavlovich",term389,321
"Illowizi, Henry",term130,733|753|829
Illustrazione Italiane,term728,705
Immanuel of Rome,term758,114|115|116|117|118|119|120|121
Immigration,term91,142
Index raison?e des livres de correspondance du feu SD Luzzatto,term374,225|226|229|234|453
Industrial Education,term303,333
Industrial School,term38,263|736
Ingersoll,term536,490
"Inspiring Hope, The",term126,146|147|149|151|152|153|154|156|158|159|160|161
"Isaacs, Dr. A. S",term566,442
"Isaacs, Henry Aaron",term625,713
"Isaacs, S. Meyer Rev",term963,17|215|304|310|442
"Isidor, Rabbi L.",term180,273|437
"Israelite, The",term701,40
Israelitish Review,term30,65
Italian,term62,111|112|113|114|115|116|117|118|119|120|121|122|123|124|125|126|127
Italian artisans,term184,148
Italian Jewish Liturgy,term343,581|755
Italian Jewry,term695,579
Italy,term913,26|42|61
Jacobs,term341,418
"Jacobs, George (Rev.)",term108,71|90|259|395|396
"Jacobs, Henry S.",term333,90|667|820|827
Jahweh,term32,639
"Jastrow, Marcus",term937,502|589
"Jastrow, Morris",term960,71|90
"Jefferson, Thomas",term1016,142
"Jeitelles, Judah",term337,48|208
"Jellinek, Dr. Adolph",term361,49|600|801
Jerusalem,term278,9|107|381|663
"Jessel, George",term464,341|752
Jesus Christ et sa Doctrine,term372,105
"Jewish Chronicle, The (London)",term952,103|184|252|617
Jewish Exponent (Philadelphia),term445,593|594|595|596|597|598|599|600|602|603|604|606|607|615|616|617|623|626|627|628|629|630|631|632|633|634|635|636|638|639|640|644|647|648|649|650|651|652|654|655|657|658|659|660|661|662|663|666|667|668|669|670|671|672|673|674|675|680|682|683|684|685|687|688|689|690|691|692|699|712|713|714|717|722|723|724|725|726|727|728|729|750|754|768|770|779|785|786|788|789|790|795|809|810|811|815|829
"Jewish Foster Home and Orphan Asylum, Philadelphia",term161,8|263|291|333|426|467|640|653
"Jewish Foster Home Society, Philadelphia",term704,8|263|497|498|499
"Jewish Hospital and Home of the Aged, Philadelphia",term323,106|500
Jewish Hospital of Cincinnati,term809,63|64|65|66|67|68|69|70|71|72|73|74|75|76|77|78|79|80|81|82|83|84|85|86|87|88|89|90|91|92|93|94|95|96|97|98|99|100|101|102|103|104
"Jewish Index, The",term973,63|64|65|66|67|68|69|70|71|72|73|74|75|76|77|78|79|80|81|82|83|84|85|86|87|88|89|90|91|92|93|94|95|96|97|98|99|100|101|102|103|104
Jewish Messenger,term622,11|12|13|14|15|16|17|18|19|20|21|22|23|25|27|32|33|34|35|36|38|40|41|46|48|49|50|52|53|54|60|62|107|108|109|111|112|113|114|115|116|117|118|119|120|121|122|123|124|125|126|127|128|135|136|138|139|141|215|218|221|222|224|310|540|541|542|737|782|783|812|822|825
Jewish Ministers Association,term1011,520|594
"Jewish Orphan Asylum at Cleveland, Ohio",term582,659
"Jewish Press, The",term710,218
"Jewish Record, The",term967,131|132|133|134|135|136|138|139|141|143|144|146|147|148|149|150|151|152|153|154|155|156|157|158|159|160|161|162|163|165|166|167|168|169|170|171|172|173|174|176|177|178|179|182|185|186|187|188|190|191|192
Jewish Theological Seminary,term203,563|566|567|568|569|572|575|578|588|604|605|608|638|641|664|669|714|715|723|730|731|737|743|744|749|751|758|760|761|780|781|793|803|822|825|829
Jewish Women,term1034,81|292|601|604
Jews move west in,term693,17
"Johnson, Andrew",term636,30
"Jonah, Solomon",term910,138
"Jones, Alfred",term535,455|776
"Jones, Horatio Gates",term119,144|166
"Jones, Jessica",term457,771
"Joseph II, H. R. E.",term873,10
"Josephson, J.",term610,805
"Jost, Isaac M.",term158,194|285|288
Judaism and Christianity: Their Agreements and Disagreements,term204,356
Judaism in Sicily,term216,267
Juedische Zeitschrift,term962,206
Julianna Street,term315,17
"Kaas, Catherine",term189,631
"Kalir, Eleazar",term346,112
"Kalisch, Dr. Isidor",term29,18|307
"Kaufmann, David",term48,230|233|234|235|652
"Kaufmann, Jacob",term42,308
"Kayserling, Dr. M.",term234,45
"Keiley, Ambassador",term496,558
Keneseth Israel,term246,310|373|467
Kerem Chemed,term794,801
"Keys, Abraham Israel",term784,340
"Keyser, Charles S.",term983,166
Keystone State,term320,23|108
Kiev,term447,303
"Kimchi, David",term291,523|524
Kinor Nangim,term44,270
Kircheim,term738,204
"Kirkovitch, Abraham",term210,176|204
"Klein, Moses",term723,805
Knownothingism,term587,7
Kochebe Yitzhac,term532,194
"Kohler, Kaufmann",term900,281|282|283|285|352|372|527|528|529|530|531|532|621|761
"Kohut, Dr. Alexander",term512,113|594|601|668|749|779|781|820|827
"Kossuth, Louis",term288,634
Krause,term465,763
"Krochmal, N.",term639,229
"Kuenen, Abraham",term667,313|529|621
"Kutner, Rabbi",term588,217
L?Univers Isra?lite,term1024,294|334
L.L.D. conferred,term604,608|609|610|611|612|614|615|616|617|618|620
La Nazione,term687,707
"Labour, condition of",term250,7|145
"Labrat, Dounash ben",term420,187|188
"Lafayette, General de",term904,57|262
"Lambroso, G.",term479,565
"Lampronti, Isaac",term576,127|265|268|347
Land Tenure,term249,608
"Landsberg, Dr. Max (of Rochester, N. Y.)",term780,295|594
"Lapuya, Isaac Lopez",term61,598
"Lara, Countess",term285,606
"Lasinio, Fausto",term529,235
"Lasker, E.",term654,278
"Lasker, Edward",term889,371|441
"Lasker, Rev. (of Boston)",term1010,594
"Lattes, E. Aaron (Chief Rabbi of Venice)",term377,204
"Lattes, Joseph Rabbi (of Reggio Emilia)",term671,250
"Lattes, Moses",term575,357
"Lavater, Johan Casper",term696,39
"Lazarus, Emma",term435,335|645|646|664
"Lazarus, Henry",term375,249
Le France Juive,term378,685
Lebanon,term199,268
"Lebensohn, A. D.",term949,447
"Lebrecht, F.",term945,229
"Lederer, Ephraim",term644,675
"Leeser, Rev I.",term511,17|35|43|77|212|310|340|345|608|700
Leghorn,term922,17|347|565
"Leghorn, Chief Rabbi of",term489,62|346
"Lehmann, L.",term468,437
"Leipziger, Henry M.",term497,797
"Leir, Benedict (Chief Rabbi of Ferrara)",term817,268
Lemberg,term2,49
Leo XIII,term384,665
"Leone, Salomon",term808,665
Leroy-Beaulieu,term235,736
Lessing,term123,270|339
Lessons in Moral Theology,term58,65|68|70|73|78|83|86|91|95|98|101
"Letteris, Mayer M.",term78,46|48|447
"Leven, N.",term515,437
"Levi, Benedict (Chief Rabbi of Ferrar)",term552,265|292|357
"Levi, David (of Turin)",term715,103|706|707
"Levi, G. E. (of Corfu)",term509,604
"Levy, J. Leonard",term227,805
"Levy, Nathan",term853,341
"Levy, Rabbi (of Trieste)",term719,196
Liberty Bell,term221,739
"Lilienthal, Dr. M.",term22,217|225|277|413
"Lincoln, Abraham",term938,22|24|29|254|816|830
Lippincott?s Magazine,term940,163
Liquor dens,term591,517
Literary associations,term102,1
Liturgy,term41,224
"Locke, John",term856,193
"Loeb, Isidore M.",term451,437|597|598
"Loeb, Matilde Adler",term551,253
"Loeb, Moritz",term917,730|773
Loewe,term336,257
"Loewenberg, Cantor W.",term776,217
"Lolli, Ehud",term773,191|196
"Lolli, Judah",term812,200
"Lolli, S. V.",term36,196|200|782
London Jewish Press,term329,713
London Times,term376,688
London?s Jewish Lord Mayor,term238,713
"Loria, Amos (of Mantua)",term927,357
Louisa B. Hart Sewing School,term202,433
"Lowell, James Russell",term319,457
"Luzzatti, Luigi",term868,708
Luzzatto family,term188,127|783
"Luzzatto, Dr. Isaiah",term357,190|191|192|199|200|201|225|233
"Luzzatto, Hezekiah",term678,190
"Luzzatto, Joseph",term832,212
"Luzzatto, Moses Hayyim",term898,346
"Luzzatto, Philoxene",term370,185|186|191|194|203|204|206|782
"Luzzatto, S.D. Prof.",term449,3|10|16|40|43|46|48|105|177|186|187|191|226|229|233|234|235|270|310|311|319|323|336|345|374|453|472|473|480|581|590|603|641|705
"Macaulay, Thomas B.",term144,175|309|330|746
"Madison, James",term446,17|746
Maimonides College,term60,40|157
"Maimonides, Moses",term267,33|222|244|266|270|475
"Mainster, Abram (of Robigo)",term883,199|357
"Maisner, Moses",term1040,820|827
"Malvano, Alessandro",term557,703
"Manin, Daniel",term1019,738
"Mapu, Abraham",term1038,447
"Maraches, The",term870,340
"Marcus, Alfred A.",term848,630
"Marcus, Mrs. Kate",term478,592|774
"Markses, The",term897,340
Marranos of Hamburg,term500,676
Maryland,term981,28
"Massarani, Tullo",term991,704|705
"Mastbaum, Levi",term1025,829
"Maurogonato, Isaac Pesaro",term757,702|738
May Laws,term553,450
"Mayer, Lazarus",term13,829
"Mayer, Samuel",term87,775
"Mazzini, Joseph",term748,164|166|213|428|634|701|734|747
"McMichael, Morton",term294,412|417
"Meade, General",term273,76|643
Meassephim,term248,48
"Medigo, Elias Del",term173,122|190
"Meisels, I. S.",term760,657
Mekizei Nirdamim,term397,347
Meldola,term284,599
Melikoff,term92,278
"Melli, Chief Rabbi",term338,265
"Mendelssohn, Dorothea",term755,288
"Mendelssohn, Henrietta",term156,288
"Mendelssohn, Moses",term222,39|107|177|190|198|271|277|337|339|373|377|520|561|723|767
"Mendelssohn, Samuel",term735,103
"Mendes, A. P.",term206,545
"Mendes, Dr. F. De Solla",term330,177|820|827
"Mendes, H. Pereira",term616,621|630|677|731|749|780|820|827
Menorah Monthly,term956,693|694|695|696|701|702|703|704|705|706|707|708|709|710
Menzini,term302,270
Messianic faith,term463,405
Metastasio,term462,48
"Metternich, Prince C.",term256,701
"Meyerbeer, G.",term795,39
"Meyerhoff, M. S.",term574,455
"Michael, H. I.",term507,23
Mikveh Israel,term867,17|108|305|340|412|436|438|439|440
Milchamoth Chobah,term767,105|560
Military draft,term791,49
"Milligan, Rev. J. C. K.",term236,577
"Minhag (Rite), Sephardic",term998,608
Minhag and Prayer,term982,84
Minister?s Conference,term641,519
"Mitchell, Mrs.",term857,411
"Modena, Leon de",term649,62|105
Modern,term550,46|48
Modernity,term979,87
"Modigiliani, Dr. Angelo",term1029,214|346
"Momigliano (of Piedmont), Rabbi",term69,192
"Montefiore, Judith",term269,143
"Montefiore, Moses",term472,215|250|257|363|434|454|455|456|534|535|545|630|680|681|704|713
Morais Library,term326,751|806|811|820|827
"Morais, Henry S.",term277,681|703
"Morais, Nina",term494,81|429
Moral Science,term768,140
"Morandes, S. H.",term143,432
"Morpurgo, J. L.",term765,200|200
"Morpurgo, Rachel",term581,193|270|604|783
"Morris, Robert",term392,17
"Morris, William",term954,829
"Mortara (Chief Rabbi of Mantua), Marco",term993,235|290|579|590|641
"Mortara, Edgar",term980,61|213|254|261|284
"Moses Montefiore, New York",term363,624|630
"Moss, E. L.",term1035,504
"Moss, Joseph L.",term560,507
"Moss, Lucien Herbert",term106,506|511
"Mott, James and Lucretia",term838,391
"Mott, Lucretia",term1012,503
Mount Sinai,term98,72
"Muhr, Simon",term527,315|339|384|790|791
"Muller, Max",term988,380|490
"Munk, S.",term741,43|186|257|270|520
"Murrell, Captain Hamilton",term505,689
Nachgelassene Schriften,term97,204
"Nardi, Prof.",term413,192
Nathan the Lexicographer,term76,113
Nathan the Wise,term743,489
"Nathan, Joseph",term583,428
"Nathan, Sarah Levi",term369,428
"National Baptist, The",term882,242
"Naumburg, Rev. L.",term559,467
Neim Zemiroth Shmuel,term287,607
"Netter, Charles",term305,254
"Neubauer, A.",term195,504
"Neuhouse, Delia Rowland",term296,538
Neuzeit (of Vienna),term593,600
New Orleans,term90,740
New York Herald,term347,243|703
"Newman, Dr. J. P.",term920,309
"Newman, Rev. Louis C.",term623,163
"Nicholas, Czar",term1018,446
"Nicolai, Dr.",term686,264
"Niebhur, Carstens",term116,3
"Nieto, David",term618,125|126|379|599
Ninth of Ab,term896,272|294|321|355|452|662
Nizachon,term139,105
"Nordell, Philip A.",term908,593
North American,term254,418
North American Review,term74,197|421
Nuova Antologia Della Prosa Italiana Moderna Colla Traduzione A Fronte,term138,391
"O?Connor, J. F. X.",term395,593
"O?Reilly, May A.",term555,785
"Occident, The",term142,32|112|345|464|465|466|467|468|469|470|471|472|473|474|475|476|477|478
Occult,term415,56
"Odorici, Mr.",term907,192
Ohev Ger,term1000,206|207|208|209|210|211|212|213|214
Old Testament in the Jewish Church,term925,314|529
"Oort, H.",term994,529
"Oppenheim, Moritz Daniel",term312,442
"Oppert, Jules",term792,322
Organ music in,term798,62
Oriental,term101,784
"Orphan Asylum, Cleveland",term52,217
"Orphan Asylum, New York",term1004,351
"Orthodox (also ""Mosaism"")",term17,368|432
"Osimo, Leon Rabbi",term934,235
"Osimo, Marco",term129,235
"Osorio, Isidore",term313,630
"Ottolenghi, Moses",term781,655|756|766
Pachad Yitschak,term725,348
Padua rabbinical college,term892,268|311|357|590
Palestine,term408,29|175
"Palmer, Captain H. S.",term959,72
Pan-Judaic Congress,term834,219
"Pape, Rev. G.",term778,17
Paris,term304,57
Parker,term965,380
"Parkhurst, Dr.",term706,732
Passover,term444,232|316|397|443|576|628|629
Pauperism,term525,8
"Peabody, George",term406,35|51|142|249
"Peace Convention, The",term947,148
"Peirce, Judge William S.",term340,591
"Peixotto, B. F.",term332,182|659
"Peixotto, Rev. Moses Levy Maduro",term345,340
"Pellico, Silvio",term359,61
Penal Reform,term799,640
"Penn, William",term745,309|330|420
"Pennsylvania, Governor of",term849,7|42|44|299|420
Pentecost,term681,269|291|343|392|393
"Pereira, Mendes",term569,601
"Perreau, Pietro",term739,114|228|230|235|265|322|348|394|541|542|602|657|683
"Pesaro, Abram",term985,265|292|328
"Pesoa, David",term955,249
Petrarch,term694,26
Phaedon,term675,626
Philadelphia,term943,2|254|309|575
"Philippson (of Baltimore), David",term986,271|670
"Philips, Ellen",term133,723|729|745|758
"Philipses, The",term699,340
Philosophy and Philosophical Authors of the Jews,term168,307
"Piciotto, Moses Hayyim",term171,252
"Pick, Dr.",term1023,224
Pigott,term115,688
"Pincherle, S. L.",term700,200
"Pinsker, S.",term705,176
Pious IX,term930,213|254
"Piperno, Abraham Benedict",term308,214|257|346|347|354|468|469|655|701
Pittsburgh Convention,term866,550|551|553
"Piza, D. M.",term526,630
"Pontremoli, Prof. Ezra (of Vercelli)",term733,270
Poor Jews,term150,759|785
"Porter, Judge",term562,45
"Porto, Rabbi Moses Cohen",term860,192|197
Portuguese Orphan School,term989,701
Prayer and,term874,84|87
"Press, The",term362,331|432
"Preyer, Prof.",term793,788
Proselytes,term120,470|720
Prosperous,term810,7
Protestant Episcopal Association,term864,39|59
Protestant Theological Faculty of Paris,term1031,615
"Proudhon, Pierre Joseph",term24,199
Providence,term632,7
"Public Ledger, The",term153,182|198|400|401|405|407|408|420|585|609|610|622|637|643|679|681|716|732|735|736|739|777|778|785|817|818|820|821|830
Public school,term282,2|31|140|191|548|575
Public schools,term405,575
Pulpit & politics,term94,42|457|732
Purim,term498,180|286|314|399|518|649|673|684
Quakers,term45,309|391
Quebec,term109,29
Rabbinical Conference,term801,52
Rabbinical Teachings,term73,64|67|69|79|82|88|93|97|100
"Rabinowitz, Joel (Cape Town)",term899,438
"Rabinowitz, Rev. M.",term84,155
"Racah, Prof. Leon",term619,288|677|682
"Randall, Samuel J.",term1037,716
"Randegger, Mayer",term607,191|208
"Raphall, Morris J. Dr.",term455,181|653
"Rapoport, S.L.",term385,4|9|10|36|43|185|189|204|233|270|453|475|477|478|711|801
Rashi,term485,188|522
Rebecca Gratz School,term606,434
Recanti of Verona,term403,62
"Reform Judaism, (also ""Neology""/""Gentilism"")",term190,9|10|41|107|129|283|295|362|387|530|550|553
"Reggio, Abraham",term656,203|739
"Reggio, Isaac Samuel",term737,14|46|122|172|177|191|196|201|203|252|270|590|603|782
"Regina, Miriam",term486,191
"Reich, Rev. Leo",term666,549
Religion and Philosophy,term459,9
"Renan, Ernest",term629,639|705|734|747
Republicanism,term987,1|2|183|254|625
"Reymond, Emil du Bois",term393,788
Rhode Island,term469,142
Ricci,term286,61
"Riesser, Gabriel",term730,270
Ritual Murder Charge,term181,316
Rodeph Shalom,term692,589|728
"Rodner, David",term824,652
"Rodriguez, Donna Mayor",term10,670
Roman ghetto,term75,549
"Rosencranz, Leon L.",term754,192
"Rosenfeld, S.",term418,652
Rosh Hashanah,term970,63|245|247|274|299|301|303|324|546|671|729|796
Rosselli family,term662,701
"Rossi, Azariah de",term262,105|123|124|190|228|268
"Rossi, John B de",term299,170
"Rothschild, Alphonse de",term1015,704
"Rothschild, Bertha (a.k.a. Maria) de",term211,329
"Rothschild, Charles de",term863,329
"Rothschild, Esther",term839,539
"Rothschild, Lionel de",term453,713
Roumania,term289,180|182|183|219|254|261|262
"Rowland, Rev A. J.",term850,251
"Rubinstein, Isaac",term12,15|241|244
Rumoured as Orthodox Chief Rabbi,term721,240|243
"Ruskay, Esther J.",term65,784
Russia,term664,180|261|262
Russian Jews,term580,312|314|318|353|368|437|576|719|752|755
Russo-Turkish War,term423,183
"Ruzanowsky, N.",term859,259
Sabbath Observance Association,term233,798
Sabbath School,term416,17
Sabbath School Union,term172,360|361
"Sachs, Dr.",term918,9
"Sachs, Michael",term924,270
Saggio del Rabbino Marco Mortara,term411,311
"Salomons, David",term570,713
"Salvador, J.",term957,40
"Salzburg, Dr.",term968,797
"Sangadun, Jacob ben",term886,340
"Sanger, W.",term1033,164
"Saraval, Rabbi U. V.",term1003,208
"Sasportas, Jacob",term132,599
"Schiller-Szinessy, S. M.",term542,522
"Schlegel, Frederick",term1021,288
"Schmid, Anton",term558,270|287|781|801
School Sectarianism,term875,133
"Schurz, Carl",term450,351
Scribner?s Magazine,term482,317
"See, Abraham",term929,726
"Segre, Bella Bathsheba",term452,203
"Seixas, Gershom Mendes",term522,340
Selections from the Talmud,term615,163
Senior Sachs,term306,149
Seperation of Church and State,term835,58|401
Sepher Hazichronot,term1027,221
Sepher Hazzichronot,term614,221
Sepher Yetzirah,term673,111
"Servi, Rabbi F.",term814,292
"Seward, Mr.",term18,634
Sewing Society,term679,249
Sforno,term6,127
Shaarei Shamayim (London),term1039,18
Shavuot,term128,290|632
Shem Tob Samson,term544,62
"Sheridan, General",term252,666
Sherif of London,term358,515
"Sherman, General William T.",term677,634
Shir Yedidoth,term160,311
"Silberman, E. L. (""The Maggid"")",term440,190
"Simon, Richard",term325,210
"Singer, Abram",term419,352
Sketches of Anglo-Jewish History,term105,184
Slaughtering Techniques,term668,45
Slavery,term225,28|29
"Slonimsky, Hayim S.",term563,189
Slum clearance,term702,741
"Smith, Charles Emory",term948,719
"Smith, Goldwin",term997,377|432|448|746
"Smith, Henry Preserved",term599,607
"Smith, Willaim Robertson",term761,313|479|480|481|482|491|492|493|494|495|511|725
"Soave, Moise",term367,193
Social Science Association,term212,400
Society for the Prevention of Cruelty to Animals,term424,45|570|573|789
Society of the United Hebrew Charities of Philadelphia,term549,249
Society to Prevent Children from Cruelty,term348,663
"Sola, Mendes de",term247,601
"Sola, Rev. David Aaron de",term774,346
"Solis-Cohen, D.",term805,621|746
"Solis, David",term797,829
"Solla (of Montego Bay), Jacob M. de",term81,19|20|21
"Solomon of Malach, (Chief Rabbi of Leghorn)",term23,62
"Solomon, Hayim",term770,17|746
"Sonnenfeld, Dr.",term201,726
"Sonnenschein (of Temple Israel, St. Louis), S. H.",term266,337|361|596|694
"Sorani (Chief Rabbi of Cuneo), Moses",term729,590
Spain,term353,1|44
Spain and the Jews,term114,598
Spanish and Portuguese synagogue in Leghorn and Amsterdam,term533,351
Spanish and Portuguese synagogue in New York (Shearith Israel),term736,556|563|799
Spanish Inquisition,term872,364
"Speaker, Henry D.",term506,780|793|803
"Spencer, Herbert",term818,670
"Spinoza, Benedict",term121,193|237|288|336|337
Spinozism,term540,337|339
"Stapfer, Edmond",term684,658
Statue of Religious Liberty,term218,164|166|423
"Steinschneider, Moritz",term690,235|697
"Stern (of Washington), Rev.",term1008,594
"Stern, Dr.",term1006,432
"Stern, Mandel",term391,783
"Sternberg, Mr.",term585,320|424
"Stewart, Dugald",term187,337
"Stoecker, Adolph",term154,278
"Storia degli Ebrei in Sicilia pel Dottor L. Zunz, tradotta dal tedesco da Pietro Perreau",term855,267
Succoth,term245,66|248|276|302|327|398
"Sultan, Turkish",term25,175
"Sulzberger, Leopold",term163,305|306
"Sulzberger, Mayer",term714,112|746
"Sunday Dispatch, The",term964,9|10|47|55|145|183|205|257|280|293|297|309|330|625|678
Sunday Question,term777,205
"Susan, Issachar ben Mordechai",term823,222
Sweating System,term825,785|786
"Sylva, Carmen",term124,790
"Synagogue, The",term709,80|84
Synod (proposed),term589,277
"Szold, Benjamin",term976,352|583
Tachkemoni,term421,111
Talmud,term630,476
Talmudic Dictionary,term196,625
Teachers,term501,81
"Tedeschi (of Trieste), Moses",term990,201|271|311|579|583|604|782
"Tedeschi, Marco",term680,193|234|287
"Tedeschi, Rabbi Mario",term335,197
"Tedesco, Baron Herman",term1028,102
th Birthday,term858,721|726|806|807|808|809|810|811|812|813|814|815|819|820|821|823|825|826|827|829|830
Thanksgiving,term107,1|2|7|23|31|42|51|57|61|90|104|108|166|254|332|411|413|419|430|585|640|735|736|737|768|790|795
The Bible for Home Reading,term750,800
The Chronicles of the Prophet,term47,359
"The Jewish Method of Slaughter, Compared with other Methods, from the Sanitarian Hygienic and Economic Points of View",term995,788
The Jewish Problem,term635,335
The Mind of Michaelangelo,term155,359
The Trefa Banquet,term747,382
Thiers,term493,61
"Thomas, Theodore",term33,144
"Tiboni (of Brescia), Peter",term253,192
Tiferet Israel,term402,743
Tisza Eszlar,term474,363
Torah Nidreshet,term708,197|199
"Torre (of Luneo), Lelllio Della",term727,203|204|270|271|337|590|641|783
Torres,term331,699
"Touro, Judah",term383,217
Touros,term971,37|142
Translation and Criticism of the Psalms,term713,359
Treaty of Washington,term49,61
"Treitschke, Prof. Heinrich von",term996,278|441
"Treves, Sabato Graziado",term916,782
Trieste,term1020,191|234|782
"Trieste, Gabriel",term242,203|204
"Tunstall, Nannie",term594,606
"Turetzki, Israel",term400,754
Ugav Rachel,term382,783
Union League (of Philadelphia),term958,25|581|618
Union of American Hebrew Congregations,term627,256
Unitarianism,term477,380
United Hebrew Charities,term426,35|291|304
Unity,term192,80|90|92
Urschrift,term919,204
"Vadaver, H.",term322,17
"VanBeil, Mrs. Emily",term789,433
"Veneziani, Emanuel",term208,214|254|278|437|634|676|677|678|679|680|681
"Veneziani, Victor",term887,681
"Verdi, Guiseppe (of Casale, Italy)",term471,704
Vessillo Israelitico,term162,273|293|328|334|357|565|579|590|600
Vicksburg,term822,28
Victor Emmanuel II (King of Italy),term433,61|213|261|359|702|738|752
"Victoria, Queen",term653,599
"Vidaver, Dr. Henry",term688,46|310
"Vienna, Jewish Community of",term775,102
"Vincent, John H.",term410,797
"Vineland Colony, N.J.",term975,320|424|691
"Virchow, Rudolph",term885,788
"Voorsanger, Jacob",term165,361
War of Independence,term351,128
War of Independence (American),term732,1
Warsaw,term360,94
Washington Monument,term660,517
"Washington, George",term207,17|689|816|830
"Watts (of Belfast), Prof.",term543,491
Webster,term992,688
"Weil, Gustav",term339,322
"Weil, Jacob",term906,675
"Wellhausen, Julius",term876,313|605|621
"Wessely, Hertz",term193,10|177|190|278|520
Western Union College,term567,157
"White, Caroline Earle",term609,789
"Wilberforce, William",term95,515
"Wilburn, Cora",term492,581|619
"Williamson, Isaiah V.",term504,142
"Wilson, Vice President",term931,137
"Wise, I. M.",term844,3|4|5|6|129|155|217|241|244|264|357|365|368|369|370|372|373|374|375|377|378|379|381|385|386|387|388|449|486|641|700|724|733
"Wittenberg, David H.",term271,780|793|803
"Wogue, Rabbi",term514,294
"Wohelener, Jette",term578,604
"Wolfenstein, Dr.",term520,217
"Woods, Rev. F. H.",term228,607
World?s Fair,term19,753
Year Book for the Diffusion of an Accurate Knowledge of ancient and Modern Palestine,term209,325
"Yeedish Gazette, The",term652,155
Yom Kippur,term1007,246|275|300|304|326|363|404|409|445|462|547|622|623|672|722|759|767|784|785
Yom Kippur Before Metz,term480,441
Young Israel of America,term261,131
Young Men?s Hebrew Association,term140,181|284|313|396|421|487|490|491|670
Young Women?s Union,term969,656
Zaakath Sheber,term255,311
"Zadoc, Dr.",term427,103
"Zambelli, Dr.",term57,782
Zechor Le Avraham,term572,347
"Zelman, Samuel V.",term999,191|311|782
Zionism,term93,175|294|805
"Zunz, Leopold",term122,9|123|194|204|234|265|267|270|288|541|542|587
Zur Geschichte und Literatur,term229,267